id_declaracion,id_importador,tipo_importador,departamento,ciudad,subpartida_arancelaria,descripcion_producto,pais_origen,anio_declaracion,valor_fob,fletes,seguros,valor_cif,arancel,iva,valor_total_pagar,estado_declaracion,fecha_declaracion
IMP-2026-00444,IM-633025,Persona natural,Atlántico,Barranquilla,8517.12.00,Teléfonos móviles,México,2025,6846000.0,450000.0,51000.0,7347000.0,508700.0,1492600.0,9348300.0,En revisión,2025-10-16
IMP-2026-00345,IM-992247,Persona jurídica,Cundinamarca,Mosquera,6109.10.00,Camisetas de punto de algodón,Japón,2024,203959000.0,5384000.0,3032000.0,212375000.0,31837600.0,46400400.0,290613000.0,Con corrección,2024-05-09
IMP-2026-00048,IM-320392,Persona jurídica,Atlántico,Soledad,3004.90.00,Medicamentos para uso humano,Corea del Sur,2024,87035000.0,6425000.0,1593000.0,95053000.0,11119400.0,20172800.0,126345200.0,Extemporánea,2024-05-10
IMP-2026-00068,IM-778998,Persona jurídica,Antioquia,Itagüí,3004.90.00,Medicamentos para uso humano,China,2025,1876608000.0,127136000.0,34436000.0,2038180000.0,103334200.0,406887700.0,2548401900.0,Extemporánea,2025-02-17
IMP-2026-00364,IM-715104,Persona natural,Santander,,8703.23.00,Vehículos automóviles con motor de émbolo,Estados Unidos,2024,54832000.0,2687000.0,937000.0,58456000.0,4824600.0,12023300.0,75303900.0,Con corrección,2024-01-05
IMP-2026-00133,IM-536196,Persona natural,Cundinamarca,Soacha,3004.90.00,Medicamentos para uso humano,Corea del Sur,2025,12197000.0,906000.0,125000.0,13228000.0,1019900.0,2707100.0,16955000.0,Extemporánea,2025-08-13
IMP-2026-00294,IM-306909,Persona jurídica,Santander,Floridablanca,3004.90.00,Medicamentos para uso humano,Japón,2024,62881000.0,3620000.0,438000.0,66939000.0,326600.0,12780500.0,80046100.0,Extemporánea,2024-12-20
IMP-2026-00032,IM-323508,Persona jurídica,Valle del Cauca,Cali,3004.90.00,Medicamentos para uso humano,México,2024,51704000.0,1723000.0,351000.0,53778000.0,2723400.0,10735300.0,67236700.0,Con corrección,2024-02-18
IMP-2026-00219,IM-855944,Persona jurídica,Cundinamarca,Mosquera,8703.23.00,Vehículos automóviles con motor de émbolo,España,2025,10343000.0,293000.0,181000.0,10817000.0,1597200.0,2358700.0,14772900.0,En revisión,2025-11-25
IMP-2026-00091,IM-765620,Persona jurídica,ATLÁNTICO,Soledad,8703.23.00,Vehículos automóviles con motor de émbolo,Estados Unidos,2024,56912000.0,3286000.0,1034000.0,61232000.0,6751500.0,12916900.0,80900400.0,Extemporánea,2024-10-14
IMP-2026-00483,IM-643042,Persona jurídica,Antioquia,Envigado,6109.10.00,Camisetas de punto de algodón,Japón,2024,17407000.0,827000.0,214000.0,18448000.0,458700.0,3592300.0,22499000.0,Extemporánea,2024-11-07
IMP-2026-00346,IM-242723,Persona natural,Antioquia,Envigado,8703.23.00,Vehículos automóviles con motor de émbolo,México,2024,12656000.0,290000.0,249000.0,13195000.0,805400.0,2660100.0,16660500.0,Presentada,2024-02-07
IMP-2026-00120,IM-222343,Persona natural,Santander,Floridablanca,9403.60.00,Muebles de madera,China,2025,259994000.0,7737000.0,4853000.0,272584000.0,33631600.0,58181000.0,364396600.0,Presentada,2025-11-14
IMP-2026-00067,IM-910004,Persona jurídica,Santander,Bucaramanga,8471.30.00,Máquinas automáticas para procesamiento de datos,Estados Unidos,2024,66655000.0,4526000.0,983000.0,72164000.0,7598500.0,15154900.0,94917400.0,Presentada,2024-02-23
IMP-2026-00421,IM-383091,Persona natural,Antioquia,Envigado,9403.60.00,Muebles de madera,Japón,2024,344398000.0,20513000.0,6346000.0,371257000.0,35455200.0,77275300.0,483987500.0,Presentada,2024-11-17
IMP-2026-00329,IM-442622,Persona jurídica,Antioquia,Medellín,8517.12.00,Teléfonos móviles,Estados Unidos,2024,43005000.0,1730000.0,750000.0,45485000.0,2939800.0,9200700.0,57625500.0,Con corrección,2024-03-18
IMP-2026-00378,IM-984756,Persona natural,Valle del Cauca,Cali,6109.10.00,Camisetas de punto de algodón,Alemania,2025,32489000.0,1280000.0,273000.0,34042000.0,1812700.0,6812400.0,42667100.0,Extemporánea,2025-02-16
IMP-2026-00226,IM-162036,Persona natural,Santander,Bucaramanga,8703.23.00,Vehículos automóviles con motor de émbolo,Brasil,2025,40878000.0,2297000.0,355000.0,43530000.0,2541900.0,8753700.0,54825600.0,Presentada,2025-05-21
IMP-2026-00202,IM-869864,Persona jurídica,Antioquia,Itagüí,6109.10.00,Camisetas de punto de algodón,Japón,2025,23128000.0,1092000.0,298000.0,24518000.0,1621000.0,4966400.0,31105400.0,En revisión,2025-12-11
IMP-2026-00148,IM-972442,Persona jurídica,Cundinamarca,Soacha,8703.23.00,Vehículos automóviles con motor de émbolo,Estados Unidos,2024,122005000.0,4215000.0,1103000.0,127323000.0,7205500.0,25560400.0,160088900.0,Extemporánea,2024-10-15
IMP-2026-00440,IM-764441,Persona jurídica,Santander,Bucaramanga,8471.30.00,Máquinas automáticas para procesamiento de datos,Corea del Sur,2025,10888000.0,325000.0,76000.0,11289000.0,1229300.0,2378500.0,14896800.0,Presentada,2025-06-27
IMP-2026-00147,IM-843963,Persona jurídica,Cundinamarca,Soacha,8703.23.00,Vehículos automóviles con motor de émbolo,Alemania,2025,865554000.0,22877000.0,10137000.0,898568000.0,71788900.0,184367800.0,1154724700.0,Presentada,2025-10-13
IMP-2026-00316,IM-489906,Persona natural,Antioquia,Medellín,9403.60.00,Muebles de madera,CHINA,2025,61609000.0,3636000.0,492000.0,65737000.0,6707400.0,13764400.0,86208800.0,Extemporánea,2025-05-03
IMP-2026-00326,IM-816116,Persona natural,Bogotá D.C.,,8517.12.00,Teléfonos móviles,España,2025,27491000.0,1528000.0,205000.0,29224000.0,1714300.0,5878300.0,36816600.0,Presentada,2025-06-18
IMP-2026-00066,IM-126925,Persona jurídica,Atlántico,Barranquilla,6109.10.00,Camisetas de punto de algodón,Japón,2025,114239000.0,7838000.0,2057000.0,124134000.0,17004600.0,26816300.0,167954900.0,Extemporánea,2025-02-19
IMP-2026-00427,IM-245117,Persona natural,Santander,Bucaramanga,8471.30.00,Máquinas automáticas para procesamiento de datos,Corea del Sur,2024,130346000.0,4680000.0,693000.0,135719000.0,1672800.0,26104400.0,163496200.0,Con corrección,2024-01-28
IMP-2026-00035,IM-765046,Persona jurídica,Atlántico,Barranquilla,9403.60.00,Muebles de madera,España,2025,5846000.0,217000.0,32000.0,6095000.0,557300.0,1263900.0,7916200.0,Con corrección,2025-04-22
IMP-2026-00347,IM-661957,Persona jurídica,Bogotá D.C.,Bogotá,3004.90.00,Medicamentos para uso humano,Brasil,2025,54918000.0,2967000.0,883000.0,58768000.0,7744300.0,12637300.0,79149600.0,Extemporánea,2025-07-04
IMP-2026-00262,IM-655134,Persona jurídica,Valle del Cauca,Yumbo,8517.12.00,Teléfonos móviles,Alemania,2025,22505000.0,753000.0,188000.0,23446000.0,1888500.0,4813600.0,30148100.0,Presentada,2025-01-01
IMP-2026-00492,IM-635617,Persona jurídica,Cundinamarca,Mosquera,6109.10.00,Camisetas de punto de algodón,México,2024,970292000.0,41553000.0,16140000.0,1027985000.0,148720100.0,223574000.0,1400279100.0,Con corrección,2024-10-22
IMP-2026-00340,IM-897423,Persona natural,Antioquia,Itagüí,3004.90.00,Medicamentos para uso humano,México,2024,14078000.0,361000.0,212000.0,14651000.0,975200.0,2969000.0,18595200.0,Presentada,2024-12-18
IMP-2026-00246,IM-628373,Persona jurídica,Cundinamarca,Chía,6109.10.00,Camisetas de punto de algodón,Brasil,2024,48475000.0,2761000.0,412000.0,51648000.0,189000.0,9849000.0,61686000.0,Con corrección,2024-01-05
IMP-2026-00205,IM-267082,Persona jurídica,Antioquia,Itagüí,9403.60.00,Muebles de madera,España,2025,13117000.0,282000.0,96000.0,13495000.0,1449300.0,2839400.0,17783700.0,Extemporánea,2025-04-25
IMP-2026-00498,IM-223552,Persona natural,Valle del Cauca,Yumbo,9403.60.00,Muebles de madera,Japón,2024,26598000.0,775000.0,309000.0,27682000.0,2554900.0,5745000.0,35981900.0,En revisión,2024-10-17
IMP-2026-00332,IM-233096,Persona jurídica,Cundinamarca,Chía,8517.12.00,Teléfonos móviles,Estados Unidos,2025,28085000.0,1362000.0,496000.0,29943000.0,3618600.0,6376700.0,39938300.0,Presentada,2025-03-12
IMP-2026-00496,IM-717661,Persona natural,Santander,Floridablanca,6109.10.00,Camisetas de punto de algodón,Japón,2025,93435000.0,3644000.0,1669000.0,98748000.0,13422000.0,21312300.0,133482300.0,En revisión,2025-07-12
IMP-2026-00411,IM-104942,Persona jurídica,Antioquia,Itagüí,6109.10.00,Camisetas de punto de algodón,Alemania,2025,12359000.0,861000.0,198000.0,13418000.0,1548400.0,2843600.0,17810000.0,En revisión,2025-11-02
IMP-2026-00005,IM-496922,Persona natural,Atlántico,Soledad,8471.30.00,Máquinas automáticas para procesamiento de datos,Alemania,2025,50727000.0,2329000.0,475000.0,53531000.0,4913000.0,11104400.0,69548400.0,Con corrección,2025-09-04
IMP-2026-00408,IM-708502,Persona natural,Cundinamarca,Soacha,3004.90.00,Medicamentos para uso humano,España,2024,29430000.0,2349000.0,506000.0,32285000.0,2979400.0,6700200.0,41964600.0,En revisión,2024-11-19
IMP-2026-00488,IM-604906,Persona jurídica,Santander, bucaramanga ,3004.90.00,Medicamentos para uso humano,España,2025,17909000.0,916000.0,145000.0,18970000.0,2497900.0,4078900.0,25546800.0,En revisión,2025-12-04
IMP-2026-00331,IM-842287,PERSONA NATURAL,Atlántico,Barranquilla,8703.23.00,Vehículos automóviles con motor de émbolo,China,2024,28102000.0,624000.0,451000.0,29177000.0,2905200.0,6095600.0,38177800.0,En revisión,2024-02-01
IMP-2026-00319,IM-340068,Persona jurídica,Valle del Cauca,Buenaventura,9403.60.00,Muebles de madera,Estados Unidos,2024,49846000.0,2309000.0,791000.0,52946000.0,3865100.0,10794100.0,67605200.0,Presentada,2024-08-03
IMP-2026-00224,IM-155040,Persona natural,Bogotá D.C.,Bogotá,9403.60.00,Muebles de madera,Japón,2024,106397000.0,7965000.0,1200000.0,115562000.0,6641400.0,23218600.0,145422000.0,Con corrección,2024-11-08
IMP-2026-00477,IM-912402,Persona jurídica,Bogotá D.C.,,3004.90.00,Medicamentos para uso humano,España,2025,8347000.0,533000.0,165000.0,9045000.0,348000.0,1784700.0,11177700.0,Presentada,2025-08-12
IMP-2026-00335,IM-112884,Persona natural,Atlántico,Barranquilla,6109.10.00,Camisetas de punto de algodón,China,2024,82858000.0,3229000.0,1045000.0,87132000.0,543300.0,16658300.0,104333600.0,Extemporánea,2024-01-28
IMP-2026-00315,IM-822040,Persona natural,Bogotá D.C.,Bogotá,3004.90.00,Medicamentos para uso humano,Alemania,2024,224087000.0,7553000.0,4469000.0,236109000.0,34523600.0,51420200.0,322052800.0,En revisión,2024-07-07
IMP-2026-00163,IM-908320,Persona natural,Bogotá D.C.,Bogotá,8471.30.00,Máquinas automáticas para procesamiento de datos,Corea del Sur,2025,37278000.0,1937000.0,215000.0,39430000.0,1990800.0,7870000.0,49290800.0,En revisión,2025-02-17
IMP-2026-00484,IM-646699,PERSONA JURÍDICA,Cundinamarca,Soacha,8471.30.00,Máquinas automáticas para procesamiento de datos,Alemania,2025,43408000.0,3331000.0,770000.0,47509000.0,4767700.0,9932600.0,62209300.0,En revisión,2025-02-23
IMP-2026-00166,IM-561999,Persona jurídica,Antioquia,Envigado,6109.10.00,Camisetas de punto de algodón,Alemania,2025,22367000.0,1247000.0,270000.0,23884000.0,1475500.0,4818300.0,30177800.0,Extemporánea,2025-11-19
IMP-2026-00103,IM-930884,Persona natural,Santander,Floridablanca,9403.60.00,Muebles de madera,España,2025,17444000.0,499000.0,286000.0,18229000.0,1690400.0,3784700.0,23704100.0,Presentada,2025-07-22
IMP-2026-00475,IM-259797,Persona jurídica,Antioquia,Itagüí,9403.60.00,Muebles de madera,Corea del Sur,2025,3526000.0,144000.0,65000.0,3735000.0,12200.0,712000.0,4459200.0,Extemporánea,2025-12-19
IMP-2026-00243,IM-963355,Persona natural,Cundinamarca,Mosquera,9403.60.00,Muebles de madera,Brasil,2025,25790000.0,635000.0,398000.0,26823000.0,1367500.0,5356200.0,33546700.0,Extemporánea,2025-09-13
IMP-2026-00006,IM-338968,Persona jurídica,Atlántico,Barranquilla,9403.60.00,Muebles de madera,Estados Unidos,2024,5878000.0,167000.0,55000.0,6100000.0,335200.0,1222700.0,7657900.0,En revisión,2024-01-22
IMP-2026-00169,IM-573041,Persona jurídica,Atlántico,Barranquilla,3004.90.00,Medicamentos para uso humano,China,2024,43427000.0,2365000.0,766000.0,46558000.0,976100.0,9031500.0,56565600.0,Extemporánea,2024-04-27
IMP-2026-00433,IM-795951,Persona jurídica,Cundinamarca,Mosquera,9403.60.00,Muebles de madera,México,2024,27648000.0,2093000.0,231000.0,29972000.0,1673200.0,6012600.0,37657800.0,Presentada,2024-08-12
IMP-2026-00063,IM-665621,Persona natural,Cundinamarca,Chía,8471.30.00,Máquinas automáticas para procesamiento de datos,Corea del Sur,2025,16455000.0,936000.0,327000.0,17718000.0,372300.0,3437200.0,21527500.0,En revisión,2025-01-24
IMP-2026-00361,IM-476211,Persona natural,Bogotá D.C.,Bogotá,8517.12.00,Teléfonos móviles,Corea del Sur,2025,14803000.0,663000.0,101000.0,15567000.0,423000.0,3038100.0,19028100.0,En revisión,2025-12-23
IMP-2026-00305,IM-545807,Persona natural,Atlántico,Barranquilla,9403.60.00,Muebles de madera,Brasil,2025,14627000.0,791000.0,224000.0,15642000.0,1878400.0,3328900.0,20849300.0,Con corrección,2025-09-07
IMP-2026-00018,IM-736059,Persona jurídica,Bogotá D.C.,Bogotá,8517.12.00,Teléfonos móviles,Brasil,2024,73418000.0,4680000.0,1216000.0,79314000.0,880900.0,15237000.0,95431900.0,En revisión,2024-05-17
IMP-2026-00234,IM-601410,Persona natural,Santander,Floridablanca,8703.23.00,Vehículos automóviles con motor de émbolo,España,2024,22692000.0,1257000.0,236000.0,24185000.0,332200.0,4658300.0,29175500.0,Con corrección,2024-04-05
IMP-2026-00422,IM-308296,Persona natural,Atlántico,Barranquilla,8703.23.00,Vehículos automóviles con motor de émbolo,Alemania,2024,21732000.0,1235000.0,130000.0,23097000.0,1796100.0,4729700.0,29622800.0,En revisión,2024-02-16
IMP-2026-00086,IM-793300,Persona natural,Valle del Cauca,Yumbo,6109.10.00,Camisetas de punto de algodón,Japón,2025,63218000.0,3486000.0,1208000.0,67912000.0,5862200.0,14017100.0,87791300.0,Presentada,2025-11-19
IMP-2026-00480,IM-625465,Persona natural,Antioquia,Envigado,6109.10.00,Camisetas de punto de algodón,Japón,2025,38430000.0,1117000.0,322000.0,39869000.0,1500900.0,7860300.0,49230200.0,Con corrección,2025-03-15
IMP-2026-00284,IM-958747,Persona jurídica,Santander,Bucaramanga,3004.90.00,Medicamentos para uso humano,España,2025,58073000.0,2289000.0,716000.0,61078000.0,7058200.0,12945900.0,81082100.0,En revisión,2025-12-03
IMP-2026-00215,IM-278794,Persona jurídica,Santander,Bucaramanga,9403.60.00,Muebles de madera,México,2024,11068000.0,588000.0,128000.0,11784000.0,520500.0,2337900.0,14642400.0,En revisión,2024-10-16
IMP-2026-00180,IM-365618,Persona natural,Antioquia,Envigado,8517.12.00,Teléfonos móviles,Brasil,2025,16918000.0,1228000.0,171000.0,18317000.0,2256400.0,3908900.0,24482300.0,Con corrección,2025-09-16
IMP-2026-00233,IM-267475,Persona jurídica,Santander,Bucaramanga,8471.30.00,Máquinas automáticas para procesamiento de datos,Alemania,2024,80821000.0,5493000.0,1246000.0,87560000.0,3574400.0,17315500.0,108449900.0,Presentada,2024-08-10
IMP-2026-00344,IM-768169,Persona jurídica,Santander,Bucaramanga,8517.12.00,Teléfonos móviles,Estados Unidos,2024,113880000.0,6900000.0,938000.0,121718000.0,12029700.0,25412100.0,159159800.0,Presentada,2024-09-05
IMP-2026-00301,IM-608149,Persona natural,Antioquia,Envigado,8517.12.00,Teléfonos móviles,Brasil,2024,15143000.0,523000.0,300000.0,15966000.0,341300.0,3098400.0,19405700.0,Extemporánea,2024-06-01
IMP-2026-00165,IM-398768,PERSONA JURÍDICA,Cundinamarca,Chía,9403.60.00,Muebles de madera,Brasil,2024,108938000.0,3843000.0,1658000.0,114439000.0,13050000.0,24222900.0,151711900.0,En revisión,2024-08-20
IMP-2026-00350,IM-676843,Persona natural,Bogotá D.C.,Bogotá,3004.90.00,Medicamentos para uso humano,Estados Unidos,2025,80291000.0,2185000.0,1057000.0,83533000.0,72200.0,15885000.0,99490200.0,Extemporánea,2025-09-24
IMP-2026-00453,IM-838857,Persona jurídica,Santander,Floridablanca,6109.10.00,Camisetas de punto de algodón,Brasil,2025,8661000.0,586000.0,55000.0,9302000.0,820700.0,1923300.0,12046000.0,En revisión,2025-04-21
IMP-2026-00435,IM-677236,Persona jurídica,Bogotá D.C.,Bogotá,8703.23.00,Vehículos automóviles con motor de émbolo,Japón,2024,31920000.0,2337000.0,469000.0,34726000.0,1489300.0,6880900.0,43096200.0,En revisión,2024-09-08
IMP-2026-00030,IM-539589,Persona jurídica,Atlántico,Barranquilla,8517.12.00,Teléfonos móviles,Alemania,2024,104913000.0,2791000.0,883000.0,108587000.0,6956800.0,21953300.0,137497100.0,En revisión,2024-10-03
IMP-2026-00108,IM-493049,Persona jurídica,Valle del Cauca,Cali,8703.23.00,Vehículos automóviles con motor de émbolo,México,2024,32170000.0,2393000.0,215000.0,34778000.0,2569900.0,7096100.0,44444000.0,En revisión,2024-05-12
IMP-2026-00470,IM-105274,Persona jurídica,Santander,Floridablanca,8471.30.00,Máquinas automáticas para procesamiento de datos,Estados Unidos,2024,25214000.0,709000.0,410000.0,26333000.0,2594900.0,5496300.0,34424200.0,Con corrección,2024-02-02
IMP-2026-00448,IM-799565,Persona jurídica,Santander,Bucaramanga,8703.23.00,Vehículos automóviles con motor de émbolo,Alemania,2025,21644000.0,479000.0,350000.0,22473000.0,682600.0,4399600.0,27555200.0,Extemporánea,2025-10-19
IMP-2026-00287,IM-472253,Persona natural,Santander,Bucaramanga,8471.30.00,Máquinas automáticas para procesamiento de datos,China,2024,14343000.0,358000.0,218000.0,14919000.0,1464700.0,3112900.0,19496600.0,Extemporánea,2024-11-22
IMP-2026-00160,IM-794299,Persona jurídica,Atlántico,Barranquilla,8703.23.00,Vehículos automóviles con motor de émbolo,México,2025,14983000.0,551000.0,248000.0,15782000.0,442800.0,3082700.0,19307500.0,Presentada,2025-11-23
IMP-2026-00293,IM-936507,PERSONA JURÍDICA,Atlántico,Barranquilla,8703.23.00,Vehículos automóviles con motor de émbolo,México,2025,56104000.0,3717000.0,991000.0,60812000.0,6941900.0,12873200.0,80627100.0,En revisión,2025-08-08
IMP-2026-00129,IM-332311,Persona natural,Cundinamarca,Chía,8703.23.00,Vehículos automóviles con motor de émbolo,Alemania,2024,187850000.0,9620000.0,3340000.0,200810000.0,16624300.0,41312500.0,258746800.0,Extemporánea,2024-08-17
IMP-2026-00118,IM-576877,Persona jurídica,Valle del Cauca,Buenaventura,8471.30.00,Máquinas automáticas para procesamiento de datos,Alemania,2025,17747000.0,731000.0,244000.0,18722000.0,218300.0,3598700.0,22539000.0,Extemporánea,2025-09-04
IMP-2026-00190,IM-399449,Persona jurídica,Antioquia,Envigado,9403.60.00,Muebles de madera,Brasil,2025,23886000.0,640000.0,472000.0,24998000.0,3145600.0,5347300.0,33490900.0,Presentada,2025-04-20
IMP-2026-00437,IM-532368,Persona natural,Cundinamarca,Mosquera,9403.60.00,Muebles de madera,China,2024,33696000.0,2200000.0,401000.0,36297000.0,4584300.0,7767400.0,48648700.0,Presentada,2024-02-13
IMP-2026-00352,IM-371393,Persona natural,Cundinamarca,Chía,9403.60.00,Muebles de madera,China,2024,9435000.0,443000.0,81000.0,9959000.0,557600.0,1998200.0,12514800.0,Presentada,2024-10-19
IMP-2026-00327,IM-141761,Persona natural,Valle del Cauca,Yumbo,8471.30.00,Máquinas automáticas para procesamiento de datos,Japón,2024,10911000.0,725000.0,76000.0,11712000.0,1703800.0,2549000.0,15964800.0,Con corrección,2024-05-07
IMP-2026-00451,IM-688534,Persona jurídica,Antioquia,Envigado,8471.30.00,Máquinas automáticas para procesamiento de datos,Brasil,2024,223957000.0,16387000.0,3112000.0,243456000.0,14297900.0,48973200.0,306727100.0,Con corrección,2024-12-21
IMP-2026-00290,IM-459731,Persona jurídica,Valle del Cauca,Cali,9403.60.00,Muebles de madera,Brasil,2024,36065000.0,1315000.0,713000.0,38093000.0,-2338900.0,7682100.0,48114000.0,Extemporánea,2024-06-10
IMP-2026-00443,IM-790441,Persona natural,Cundinamarca,Soacha,9403.60.00,Muebles de madera,España,2024,70105000.0,4300000.0,1269000.0,75674000.0,7222600.0,15750400.0,98647000.0,Presentada,2024-08-15
IMP-2026-00136,IM-427626,Persona jurídica,Antioquia,Itagüí,3004.90.00,Medicamentos para uso humano,Estados Unidos,2024,37673000.0,1497000.0,546000.0,39716000.0,1430600.0,7817900.0,48964500.0,En revisión,2024-05-20
IMP-2026-00400,IM-810091,Persona jurídica,Antioquia,Envigado,8703.23.00,Vehículos automóviles con motor de émbolo,Estados Unidos,2024,90220000.0,4525000.0,991000.0,95736000.0,2102000.0,18589200.0,116427200.0,Presentada,2024-08-10
IMP-2026-00258,IM-961501,Persona jurídica,Atlántico,Barranquilla,3004.90.00,Medicamentos para uso humano,España,2025,65166000.0,1994000.0,541000.0,67701000.0,1893300.0,13222900.0,82817200.0,Extemporánea,2025-05-25
IMP-2026-00493,IM-504186,Persona natural,Cundinamarca,Mosquera,8517.12.00,Teléfonos móviles,Estados Unidos,2024,44601000.0,1660000.0,753000.0,47014000.0,4073200.0,9706600.0,60793800.0,Presentada,2024-04-13
IMP-2026-00007,IM-482554,Persona natural,Valle del Cauca,Buenaventura,,Vehículos automóviles con motor de émbolo,Corea del Sur,2025,172455000.0,5515000.0,2193000.0,180163000.0,16009700.0,37272800.0,233445500.0,Con corrección,2025-11-27
IMP-2026-00429,IM-601476,Persona jurídica,Cundinamarca,Chía,8703.23.00,Vehículos automóviles con motor de émbolo,México,2025,9609000.0,311000.0,66000.0,9986000.0,921200.0,2072400.0,12979600.0,Presentada,2025-12-28
IMP-2026-00012,IM-149405,Persona natural,Antioquia,,6109.10.00,Camisetas de punto de algodón,México,2025,11748000.0,365000.0,230000.0,12343000.0,1435100.0,2617800.0,16395900.0,En revisión,2025-02-25
IMP-2026-00415,IM-963862,Persona natural,Bogotá D.C.,Bogotá,3004.90.00,Medicamentos para uso humano,Alemania,2025,39220000.0,1043000.0,518000.0,40781000.0,2779500.0,8276500.0,51837000.0,Con corrección,2025-03-03
IMP-2026-00093,IM-576919,Persona natural,Santander,Floridablanca,8703.23.00,Vehículos automóviles con motor de émbolo,Corea del Sur,2025,84081000.0,6679000.0,941000.0,91701000.0,5117200.0,18395500.0,115213700.0,Con corrección,2025-09-02
IMP-2026-00225,IM-265613,Persona jurídica,Santander,,8471.30.00,Máquinas automáticas para procesamiento de datos,España,2024,21321000.0,639000.0,343000.0,22303000.0,277000.0,4290200.0,26870200.0,Extemporánea,2024-01-18
IMP-2026-00111,IM-462351,Persona jurídica,Antioquia,Itagüí,8517.12.00,Teléfonos móviles,Japón,2024,35721000.0,1327000.0,644000.0,37692000.0,1264200.0,7401700.0,46357900.0,Con corrección,2024-02-15
IMP-2026-00428,IM-459370,Persona natural,Cundinamarca,Mosquera,8703.23.00,Vehículos automóviles con motor de émbolo,Estados Unidos,2024,81732000.0,6381000.0,771000.0,88884000.0,10255700.0,18836500.0,117976200.0,Extemporánea,2024-06-27
IMP-2026-00445,IM-539001,Persona natural,Valle del Cauca,,9403.60.00,Muebles de madera,Alemania,2025,32313000.0,2197000.0,,34770000.0,2895000.0,7156400.0,44821400.0,Extemporánea,2025-09-13
IMP-2026-00043,IM-373903,Persona natural,Santander,Floridablanca,9403.60.00,Muebles de madera,Alemania,2025,13766000.0,846000.0,149000.0,14761000.0,2074100.0,3198700.0,20033800.0,Presentada,2025-01-04
IMP-2026-00059,IM-870319,Persona natural,Antioquia,Envigado,3004.90.00,Medicamentos para uso humano,España,2025,31850000.0,667000.0,603000.0,33120000.0,2127200.0,6697000.0,41944200.0,En revisión,2025-09-24
IMP-2026-00387,IM-917411,Persona natural,Cundinamarca,Soacha,6109.10.00,Camisetas de punto de algodón,Alemania,2024,13359000.0,1063000.0,253000.0,14675000.0,1188600.0,3014100.0,18877700.0,Con corrección,2024-02-19
IMP-2026-00079,IM-157174,Persona jurídica,Bogotá D.C.,Bogotá,8471.30.00,Máquinas automáticas para procesamiento de datos,México,2024,332502000.0,15021000.0,2898000.0,350421000.0,18711000.0,70135100.0,439267100.0,Extemporánea,2024-05-02
IMP-2026-00426,IM-404681,Persona jurídica,Cundinamarca,Soacha,8471.30.00,Máquinas automáticas para procesamiento de datos,Corea del Sur,2024,15073000.0,469000.0,115000.0,15657000.0,231100.0,3018700.0,18906800.0,Extemporánea,2024-01-28
IMP-2026-00161,IM-836971,Persona natural,Antioquia,Itagüí,3004.90.00,Medicamentos para uso humano,Japón,2025,18564000.0,937000.0,160000.0,19661000.0,338700.0,3799900.0,23799600.0,Con corrección,2025-03-22
IMP-2026-00186,IM-989894,Persona jurídica,Antioquia, itagüí ,9403.60.00,Muebles de madera,China,2024,37672000.0,2136000.0,199000.0,40007000.0,5233700.0,8595700.0,53836400.0,En revisión,2024-01-05
IMP-2026-00102,IM-913217,Persona jurídica,Bogotá D.C.,Bogotá,8517.12.00,Teléfonos móviles,China,2025,74652000.0,3954000.0,868000.0,79474000.0,10582400.0,17110700.0,107167100.0,Con corrección,2025-04-28
IMP-2026-00269,IM-352153,Persona jurídica,Santander, floridablanca ,8471.30.00,Máquinas automáticas para procesamiento de datos,Corea del Sur,2025,498409000.0,34630000.0,5092000.0,538131000.0,54729200.0,112643400.0,705503600.0,Extemporánea,2025-03-19
IMP-2026-00174,IM-702980,Persona natural,Valle del Cauca,Buenaventura,8517.12.00,Teléfonos móviles,México,2024,14533000.0,729000.0,123000.0,15385000.0,2076000.0,3317600.0,20778600.0,Con corrección,2024-11-17
IMP-2026-00430,IM-606121,Persona jurídica,BOGOTÁ D.C.,Bogotá,6109.10.00,Camisetas de punto de algodón,México,2024,178720000.0,11881000.0,2620000.0,193221000.0,15369800.0,39632300.0,248223100.0,Extemporánea,2024-07-19
IMP-2026-00313,IM-968581,Persona jurídica,Bogotá D.C.,Bogotá,6109.10.00,Camisetas de punto de algodón,Corea del Sur,2025,28909000.0,2271000.0,291000.0,31471000.0,859700.0,6142800.0,38473500.0,En revisión,2025-05-11
IMP-2026-00259,IM-612036,Persona natural,Bogotá D.C.,Bogotá,6109.10.00,Camisetas de punto de algodón,China,2024,21054000.0,494000.0,411000.0,21959000.0,2911100.0,4725300.0,29595400.0,Presentada,2024-12-18
IMP-2026-00193,IM-478427,Persona jurídica,Valle del Cauca,,6109.10.00,Camisetas de punto de algodón,España,2024,14474000.0,756000.0,272000.0,15502000.0,805400.0,3098400.0,19405800.0,En revisión,2024-08-01
IMP-2026-00341,IM-827146,Persona natural,Cundinamarca,Soacha,6109.10.00,Camisetas de punto de algodón,Corea del Sur,2025,32911000.0,2026000.0,,35515000.0,5032200.0,7704000.0,48251200.0,Presentada,2025-11-27
IMP-2026-00019,IM-573417,Persona natural,Santander,Floridablanca,3004.90.00,Medicamentos para uso humano,Brasil,2025,17206000.0,-1235000.0,247000.0,18688000.0,927600.0,3727000.0,23342600.0,En revisión,2025-08-17
IMP-2026-00041,IM-309267,Persona jurídica,Bogotá D.C.,Bogotá,3004.90.00,Medicamentos para uso humano,Corea del Sur,2024,14790000.0,332000.0,205000.0,15327000.0,1557800.0,3208100.0,20092900.0,Con corrección,2024-08-08
IMP-2026-00268,IM-429761,Persona natural,Santander,Floridablanca,8517.12.00,Teléfonos móviles,Brasil,2024,239618000.0,5887000.0,4258000.0,249763000.0,18550400.0,50979500.0,319292900.0,En revisión,2024-03-28
IMP-2026-00330,IM-190400,Persona jurídica,Santander,Floridablanca,9403.60.00,Muebles de madera,Estados Unidos,2024,11040000.0,386000.0,157000.0,11583000.0,1228000.0,2434100.0,15245100.0,Extemporánea,2024-01-08
IMP-2026-00456,IM-725874,Persona natural,Cundinamarca,Mosquera,6109.10.00,Camisetas de punto de algodón,Alemania,2024,296066000.0,20221000.0,2679000.0,318966000.0,39474400.0,68103700.0,426544100.0,Extemporánea,2024-03-11
IMP-2026-00042,IM-392136,Persona natural,Bogotá D.C.,Bogotá,8471.30.00,Máquinas automáticas para procesamiento de datos,Alemania,2024,22605000.0,475000.0,287000.0,23367000.0,793900.0,4590600.0,28751500.0,Con corrección,2024-07-11
IMP-2026-00363,IM-743966,Persona natural,Atlántico,Barranquilla,8471.30.00,Máquinas automáticas para procesamiento de datos,México,2025,21826000.0,1179000.0,193000.0,23198000.0,3350700.0,5044300.0,31593000.0,Con corrección,2025-01-11
IMP-2026-00291,IM-574425,Persona jurídica,Antioquia,Envigado,8471.30.00,Máquinas automáticas para procesamiento de datos,Estados Unidos,2025,31289000.0,1026000.0,171000.0,32486000.0,3175500.0,6775700.0,42437200.0,Con corrección,2025-12-23
IMP-2026-00500,IM-891645,Persona natural,Atlántico,Soledad,8517.12.00,Teléfonos móviles,Japón,2025,163483000.0,9821000.0,2374000.0,175678000.0,4373200.0,34209700.0,214260900.0,Extemporánea,2025-11-13
IMP-2026-00295,IM-837945,Persona natural,Valle del Cauca,Yumbo,6109.10.00,Camisetas de punto de algodón,Estados Unidos,2024,48473000.0,3286000.0,592000.0,52351000.0,921200.0,10121700.0,63393900.0,En revisión,2024-05-25
IMP-2026-00033,IM-974244,Persona jurídica,Valle del Cauca,Cali,8703.23.00,Vehículos automóviles con motor de émbolo,China,2025,33893000.0,1733000.0,527000.0,36153000.0,1971900.0,7243700.0,45368600.0,Con corrección,2025-03-15
IMP-2026-00173,IM-350021,Persona jurídica,Valle del Cauca,Buenaventura,6109.10.00,Camisetas de punto de algodón,España,2025,5188000.0,248000.0,49000.0,5485000.0,615100.0,1159000.0,7259100.0,Presentada,2025-02-02
IMP-2026-00081,IM-177680,Persona natural,Antioquia,Envigado,8471.30.00,Máquinas automáticas para procesamiento de datos,México,2024,62073000.0,3007000.0,401000.0,65481000.0,4828700.0,13358800.0,83668500.0,En revisión,2024-07-16
IMP-2026-00047,IM-301158,Persona jurídica,Antioquia,Envigado,9403.60.00,Muebles de madera,Japón,2025,51644000.0,2083000.0,529000.0,54256000.0,5908100.0,11431200.0,71595300.0,En revisión,2025-09-05
IMP-2026-00311,IM-391740,Persona jurídica,Valle del Cauca,,8471.30.00,Máquinas automáticas para procesamiento de datos,España,2025,317269000.0,16366000.0,5068000.0,338703000.0,4147200.0,65141500.0,407991700.0,Extemporánea,2025-09-24
IMP-2026-00094,IM-668950,Persona jurídica,Antioquia,Medellín,3004.90.00,Medicamentos para uso humano,Japón,2024,73322000.0,4882000.0,741000.0,78945000.0,11021800.0,17093700.0,107060500.0,Presentada,2024-11-28
IMP-2026-00471,IM-637450,Persona natural,Bogotá D.C.,Bogotá,6109.10.00,Camisetas de punto de algodón,México,2025,36029000.0,1286000.0,314000.0,37629000.0,5115200.0,8121400.0,50865600.0,En revisión,2025-11-28
IMP-2026-00082,IM-901577,Persona jurídica,Atlántico,Soledad,8471.30.00,Máquinas automáticas para procesamiento de datos,Brasil,2024,86412000.0,4183000.0,657000.0,91252000.0,5938500.0,18466200.0,115656700.0,Extemporánea,2024-02-18
IMP-2026-00306,IM-223088,Persona natural,Valle del Cauca,Buenaventura,,Vehículos automóviles con motor de émbolo,Brasil,2025,30066000.0,962000.0,226000.0,31254000.0,490200.0,6031400.0,37775600.0,Con corrección,2025-02-15
IMP-2026-00143,IM-721946,Persona jurídica,Antioquia, envigado ,8471.30.00,Máquinas automáticas para procesamiento de datos,Alemania,2025,35593000.0,2434000.0,577000.0,38604000.0,1068500.0,7537800.0,47210300.0,Presentada,2025-11-22
IMP-2026-00458,IM-795556,Persona jurídica,Atlántico,Soledad,8471.30.00,Máquinas automáticas para procesamiento de datos,Corea del Sur,2025,39691000.0,2479000.0,668000.0,42838000.0,3323800.0,8770700.0,54932500.0,Con corrección,2025-04-07
IMP-2026-00181,IM-938171,Persona jurídica,Antioquia,Medellín,9403.60.00,Muebles de madera,Japón,2025,30405000.0,2063000.0,220000.0,32688000.0,1124100.0,6424300.0,40236400.0,Extemporánea,2025-05-04
IMP-2026-00424,IM-215795,Persona jurídica,Antioquia,Medellín,8471.30.00,Máquinas automáticas para procesamiento de datos,México,2024,20222000.0,507000.0,318000.0,21047000.0,227600.0,4042200.0,25316800.0,Presentada,2024-11-03
IMP-2026-00356,IM-501620,Persona natural,Cundinamarca, mosquera ,3004.90.00,Medicamentos para uso humano,Japón,2024,7684000.0,506000.0,132000.0,8322000.0,896400.0,1751500.0,10969900.0,En revisión,2024-02-09
IMP-2026-00140,IM-575682,Persona jurídica,Bogotá D.C.,Bogotá,8471.30.00,Máquinas automáticas para procesamiento de datos,México,2024,18022000.0,859000.0,146000.0,19027000.0,1039600.0,3812700.0,23879300.0,Con corrección,2024-07-14
IMP-2026-00107,IM-205389,Persona jurídica,Bogotá D.C.,Bogotá,3004.90.00,Medicamentos para uso humano,México,2024,19415000.0,1294000.0,260000.0,20969000.0,1334300.0,4237600.0,26540900.0,Con corrección,2024-11-23
IMP-2026-00239,IM-147489,PERSONA JURÍDICA,Cundinamarca,Chía,8471.30.00,Máquinas automáticas para procesamiento de datos,Corea del Sur,2024,61198000.0,1887000.0,827000.0,63912000.0,8776600.0,13810800.0,86499400.0,Presentada,2024-10-03
IMP-2026-00292,IM-214675,Persona natural,Valle del Cauca,Yumbo,8471.30.00,Máquinas automáticas para procesamiento de datos,Brasil,2024,56630000.0,2385000.0,1017000.0,60032000.0,4261200.0,12215700.0,76508900.0,En revisión,2024-06-21
IMP-2026-00247,IM-646571,Persona natural,Atlántico,Soledad,6109.10.00,Camisetas de punto de algodón,Japón,2025,43240000.0,3301000.0,734000.0,47275000.0,7076600.0,10326800.0,64678400.0,Con corrección,2025-03-22
IMP-2026-00402,IM-845635,Persona jurídica,Antioquia,Itagüí,8703.23.00,Vehículos automóviles con motor de émbolo,Brasil,2025,33033000.0,1750000.0,644000.0,35427000.0,2298300.0,7167800.0,44893100.0,En revisión,2025-05-21
IMP-2026-00321,IM-857524,Persona natural,Atlántico,Barranquilla,8517.12.00,Teléfonos móviles,México,2024,76463000.0,5715000.0,624000.0,82802000.0,7737400.0,17202500.0,107741900.0,Extemporánea,2024-08-12
IMP-2026-00096,IM-227324,Persona natural,Atlántico,Barranquilla,8703.23.00,Vehículos automóviles con motor de émbolo,Brasil,2025,119494000.0,8861000.0,1503000.0,129858000.0,16098300.0,27731700.0,173688000.0,En revisión,2025-12-16
IMP-2026-00123,IM-347582,Persona jurídica,Valle del Cauca,Yumbo,8703.23.00,Vehículos automóviles con motor de émbolo,Estados Unidos,2024,7180000.0,561000.0,127000.0,7868000.0,989400.0,1682900.0,10540300.0,Con corrección,2024-08-15
IMP-2026-00261,IM-747847,Persona jurídica,Valle del Cauca,Cali,8517.12.00,Teléfonos móviles,España,2025,164843000.0,10181000.0,1205000.0,176229000.0,21566000.0,37581000.0,235376000.0,Presentada,2025-06-02
IMP-2026-00024,IM-662336,Persona jurídica,Santander,Floridablanca,8471.30.00,Máquinas automáticas para procesamiento de datos,México,2024,190401000.0,5041000.0,1042000.0,196484000.0,18756700.0,40895700.0,256136400.0,Extemporánea,2024-04-07
IMP-2026-00014,IM-216970,PERSONA JURÍDICA,Santander,Bucaramanga,9403.60.00,Muebles de madera,Japón,2025,47269000.0,1868000.0,512000.0,49649000.0,2020800.0,9817300.0,61487100.0,En revisión,2025-11-11
IMP-2026-00062,IM-442722,Persona jurídica,Valle del Cauca,Buenaventura,3004.90.00,Medicamentos para uso humano,Japón,2025,8755000.0,468000.0,167000.0,9390000.0,980400.0,1970400.0,12340800.0,Con corrección,2025-04-15
IMP-2026-00308,IM-380329,Persona natural,Atlántico,Barranquilla,8703.23.00,Vehículos automóviles con motor de émbolo,México,2025,100396000.0,5269000.0,1570000.0,107235000.0,14009800.0,23036500.0,144281300.0,Extemporánea,2025-05-19
IMP-2026-00040,IM-448321,Persona jurídica,Bogotá D.C.,Bogotá,3004.90.00,Medicamentos para uso humano,Brasil,2024,16040000.0,836000.0,102000.0,16978000.0,2127300.0,3630000.0,22735300.0,Con corrección,2024-03-24
IMP-2026-00367,IM-864234,Persona natural,Cundinamarca,Chía,9403.60.00,Muebles de madera,Japón,2025,9795000.0,689000.0,181000.0,10665000.0,565400.0,2133800.0,13364200.0,Presentada,2025-03-06
IMP-2026-00273,IM-846247,Persona natural,Bogotá D.C.,Bogotá,8471.30.00,Máquinas automáticas para procesamiento de datos,Japón,2025,158642000.0,4683000.0,2889000.0,166214000.0,21736900.0,35710700.0,223661600.0,Con corrección,2025-03-13
IMP-2026-00209,IM-402620,Persona natural,Cundinamarca,Soacha,8517.12.00,Teléfonos móviles,Japón,2024,31317000.0,1983000.0,559000.0,33859000.0,4216600.0,7234400.0,45310000.0,Extemporánea,2024-06-18
IMP-2026-00237,IM-315379,Persona jurídica,Bogotá D.C.,Bogotá,8517.12.00,Teléfonos móviles,Estados Unidos,2025,91690000.0,3207000.0,1132000.0,96029000.0,3186400.0,18850900.0,118066300.0,Extemporánea,2025-02-22
IMP-2026-00099,IM-728492,Persona natural,Bogotá D.C.,Bogotá,8517.12.00,Teléfonos móviles,Estados Unidos,2024,43881000.0,2541000.0,515000.0,46937000.0,2064400.0,9310300.0,58311700.0,Con corrección,2024-07-07
IMP-2026-00366,IM-282664,Persona jurídica,Bogotá D.C.,Bogotá,9403.60.00,Muebles de madera,Brasil,2025,25922000.0,1894000.0,218000.0,28034000.0,891700.0,5495900.0,34421600.0,En revisión,2025-11-11
IMP-2026-00250,IM-841948,Persona natural,Bogotá D.C.,Bogotá,6109.10.00,Camisetas de punto de algodón,España,2024,27706000.0,1249000.0,314000.0,29269000.0,3238200.0,6176400.0,38683600.0,Presentada,2024-05-28
IMP-2026-00487,IM-295984,Persona natural,Bogotá D.C.,Bogotá,8471.30.00,Máquinas automáticas para procesamiento de datos,Corea del Sur,2025,20874000.0,624000.0,208000.0,21706000.0,2463900.0,4592300.0,28762200.0,Presentada,2025-04-05
IMP-2026-00383,IM-626491,Persona natural,Cundinamarca, chía ,,Máquinas automáticas para procesamiento de datos,Estados Unidos,2025,19678000.0,1057000.0,381000.0,21116000.0,555300.0,4117500.0,25788800.0,Extemporánea,2025-12-02
IMP-2026-00296,IM-803281,Persona jurídica,Antioquia,Envigado,6109.10.00,Camisetas de punto de algodón,COREA DEL SUR,2025,80923000.0,2226000.0,1237000.0,84386000.0,5446800.0,17068200.0,106901000.0,Extemporánea,2025-02-09
IMP-2026-00409,IM-533174,Persona natural,Atlántico,Barranquilla,9403.60.00,Muebles de madera,México,2025,102929000.0,5313000.0,1172000.0,109414000.0,2145200.0,21196200.0,132755400.0,En revisión,2025-09-10
IMP-2026-00380,IM-561101,Persona jurídica,Cundinamarca,Chía,6109.10.00,Camisetas de punto de algodón,Alemania,2025,18440000.0,966000.0,336000.0,19742000.0,1927400.0,4117200.0,25786600.0,En revisión,2025-01-09
IMP-2026-00128,IM-232915,Persona jurídica,Bogotá D.C.,Bogotá,8471.30.00,Máquinas automáticas para procesamiento de datos,Estados Unidos,2024,66615000.0,2764000.0,447000.0,69826000.0,7034000.0,14603400.0,91463400.0,Presentada,2024-05-02
IMP-2026-00083,IM-751194,Persona natural,Cundinamarca,Chía,8703.23.00,Vehículos automóviles con motor de émbolo,Estados Unidos,2025,203751000.0,11839000.0,1157000.0,216747000.0,12179400.0,43496000.0,272422400.0,En revisión,2025-05-19
IMP-2026-00465,IM-702891,Persona natural,Valle del Cauca,Cali,6109.10.00,Camisetas de punto de algodón,Alemania,2025,45850000.0,1739000.0,876000.0,48465000.0,1885000.0,9566500.0,59916500.0,Extemporánea,2025-09-03
IMP-2026-00208,IM-900961,Persona jurídica,Valle del Cauca,Buenaventura,6109.10.00,Camisetas de punto de algodón,COREA DEL SUR,2025,12877000.0,395000.0,190000.0,13462000.0,481000.0,2649200.0,16592200.0,Presentada,2025-12-12
IMP-2026-00028,IM-159942,Persona natural,Antioquia,Medellín,8471.30.00,Máquinas automáticas para procesamiento de datos,España,2024,24113000.0,1743000.0,411000.0,26267000.0,735100.0,5130400.0,32132500.0,En revisión,2024-12-11
IMP-2026-00090,IM-382602,Persona natural,Valle del Cauca,Cali,9403.60.00,Muebles de madera,México,2024,21366000.0,457000.0,368000.0,22191000.0,938200.0,4394500.0,27523700.0,Extemporánea,2024-11-27
IMP-2026-00395,IM-353690,Persona jurídica,Cundinamarca,Mosquera,3004.90.00,Medicamentos para uso humano,España,2024,43221000.0,1851000.0,785000.0,45857000.0,5971000.0,9847300.0,61675300.0,Extemporánea,2024-11-01
IMP-2026-00074,IM-614663,Persona jurídica,Atlántico,Barranquilla,9403.60.00,Muebles de madera,China,2025,20757000.0,1630000.0,,22652000.0,1097300.0,4512400.0,28261700.0,Presentada,2025-11-23
IMP-2026-00188,IM-655178,Persona jurídica,Antioquia,Envigado,3004.90.00,Medicamentos para uso humano,Japón,2024,82291000.0,2399000.0,1123000.0,85813000.0,7809600.0,17788300.0,111410900.0,Con corrección,2024-10-05
IMP-2026-00172,IM-368355,Persona natural,Santander,Floridablanca,3004.90.00,Medicamentos para uso humano,México,2024,26141000.0,1899000.0,285000.0,28325000.0,3469500.0,6041000.0,37835500.0,Extemporánea,2024-02-01
IMP-2026-00162,IM-903373,Persona jurídica,Valle del Cauca,Buenaventura,8703.23.00,Vehículos automóviles con motor de émbolo,Brasil,2024,6551000.0,371000.0,61000.0,6983000.0,608800.0,1442400.0,9034200.0,En revisión,2024-04-11
IMP-2026-00070,IM-965845,Persona jurídica,Santander,Floridablanca,8517.12.00,Teléfonos móviles,Corea del Sur,2025,31427000.0,1652000.0,292000.0,33371000.0,2957500.0,6902400.0,43230900.0,En revisión,2025-08-14
IMP-2026-00222,IM-463188,Persona jurídica,Bogotá D.C.,Bogotá,8471.30.00,Máquinas automáticas para procesamiento de datos,Alemania,2025,14971000.0,1045000.0,121000.0,16137000.0,26600.0,3071100.0,19234700.0,Extemporánea,2025-12-03
IMP-2026-00092,IM-999398,Persona natural,Antioquia,Envigado,8703.23.00,Vehículos automóviles con motor de émbolo,Corea del Sur,2025,19917000.0,1359000.0,184000.0,21460000.0,571200.0,4185900.0,26217100.0,Extemporánea,2025-11-04
IMP-2026-00413,IM-866151,Persona jurídica,Cundinamarca,Chía,8471.30.00,Máquinas automáticas para procesamiento de datos,China,2024,23063000.0,1202000.0,190000.0,24455000.0,44500.0,4654900.0,29154400.0,Con corrección,2024-09-07
IMP-2026-00198,IM-197966,Persona natural,Santander,Floridablanca,6109.10.00,Camisetas de punto de algodón,México,2025,122861000.0,9542000.0,,133291000.0,8289800.0,26900400.0,168481200.0,En revisión,2025-10-18
IMP-2026-00398,IM-597126,Persona natural,Antioquia,Itagüí,3004.90.00,Medicamentos para uso humano,México,2024,18704000.0,1469000.0,273000.0,20446000.0,2522500.0,4364000.0,27332500.0,Presentada,2024-11-01
IMP-2026-00126,IM-724932,Persona natural,Atlántico,Barranquilla,6109.10.00,Camisetas de punto de algodón,Alemania,2025,41740000.0,1454000.0,491000.0,43685000.0,846300.0,8460900.0,52992200.0,En revisión,2025-03-26
IMP-2026-00248,IM-547952,Persona jurídica,Antioquia,Medellín,8517.12.00,Teléfonos móviles,China,2024,115581000.0,4744000.0,1908000.0,122233000.0,7369400.0,24624500.0,154226900.0,Con corrección,2024-11-22
IMP-2026-00274,IM-477400,Persona jurídica,Antioquia,Medellín,8471.30.00,Máquinas automáticas para procesamiento de datos,Estados Unidos,2024,76188000.0,1657000.0,1325000.0,79170000.0,1530400.0,15333100.0,96033500.0,En revisión,2024-05-15
IMP-2026-00060,IM-801364,Persona jurídica,Antioquia, envigado ,3004.90.00,Medicamentos para uso humano,México,2024,81328000.0,6344000.0,1582000.0,89254000.0,11420200.0,19128100.0,119802300.0,Extemporánea,2024-07-11
IMP-2026-00121,IM-242254,Persona jurídica,Antioquia,Envigado,8471.30.00,Máquinas automáticas para procesamiento de datos,España,2024,10636000.0,808000.0,191000.0,11635000.0,78900.0,2225600.0,13939500.0,Con corrección,2024-04-18
IMP-2026-00013,IM-724834,Persona jurídica,Santander,Floridablanca,8517.12.00,Teléfonos móviles,Alemania,2024,83342000.0,2109000.0,662000.0,86113000.0,584200.0,16472500.0,103169700.0,Presentada,2024-07-13
IMP-2026-00393,IM-992647,Persona natural,Antioquia,Itagüí,8517.12.00,Teléfonos móviles,México,2025,58737000.0,4415000.0,732000.0,63884000.0,9507500.0,13944400.0,87335900.0,En revisión,2025-03-25
IMP-2026-00271,IM-764926,Persona jurídica,Bogotá D.C.,Bogotá,8703.23.00,Vehículos automóviles con motor de émbolo,España,2025,71891000.0,5107000.0,1295000.0,78293000.0,8319000.0,16456300.0,103068300.0,Extemporánea,2025-06-01
IMP-2026-00377,IM-794178,Persona jurídica,Antioquia,Medellín,3004.90.00,Medicamentos para uso humano,Brasil,2024,27258000.0,685000.0,502000.0,28445000.0,818600.0,5560100.0,34823700.0,Presentada,2024-05-27
IMP-2026-00250,IM-841948,Persona natural,Bogotá D.C.,Bogotá,6109.10.00,Camisetas de punto de algodón,España,2024,27706000.0,1249000.0,314000.0,29269000.0,3238200.0,6176400.0,38683600.0,Presentada,2024-05-28
IMP-2026-00495,IM-552457,Persona jurídica,Cundinamarca,Mosquera,6109.10.00,Camisetas de punto de algodón,Corea del Sur,2024,42621000.0,1256000.0,658000.0,44535000.0,5299200.0,9468500.0,59302700.0,Presentada,2024-11-21
IMP-2026-00158,IM-154909,Persona jurídica,Antioquia,Envigado,3004.90.00,Medicamentos para uso humano,Estados Unidos,2025,37873000.0,2724000.0,654000.0,41251000.0,1595800.0,8140900.0,50987700.0,Con corrección,2025-11-20
IMP-2026-00342,IM-655550,Persona natural,Santander,Floridablanca,9403.60.00,Muebles de madera,Japón,2025,49498000.0,3019000.0,617000.0,53134000.0,4924300.0,11031100.0,69089400.0,Extemporánea,2025-02-07
IMP-2026-00187,IM-694799,Persona natural,Valle del Cauca,Cali,9403.60.00,Muebles de madera,México,2025,44429000.0,2746000.0,837000.0,48012000.0,5093400.0,10090000.0,63195400.0,Extemporánea,2025-06-13
IMP-2026-00374,IM-552275,Persona natural,Antioquia, itagüí ,8517.12.00,Teléfonos móviles,Japón,2025,10122000.0,285000.0,156000.0,10563000.0,640600.0,2128700.0,13332300.0,En revisión,2025-12-01
IMP-2026-00485,IM-976052,Persona natural,Cundinamarca,Mosquera,3004.90.00,Medicamentos para uso humano,Alemania,2025,3749000.0,221000.0,49000.0,4019000.0,37500.0,770700.0,4827200.0,Extemporánea,2025-10-21
IMP-2026-00481,IM-273899,Persona natural,Atlántico,Barranquilla,9403.60.00,Muebles de madera,España,2024,48670000.0,2502000.0,327000.0,51499000.0,6644500.0,11047300.0,69190800.0,En revisión,2024-10-22
IMP-2026-00214,IM-422623,Persona natural,Valle del Cauca,Buenaventura,8703.23.00,Vehículos automóviles con motor de émbolo,España,2024,33102000.0,1416000.0,459000.0,34977000.0,1406400.0,6912800.0,43296200.0,Con corrección,2024-07-19
IMP-2026-00454,IM-870786,Persona natural,Antioquia,Envigado,6109.10.00,Camisetas de punto de algodón,Japón,2024,140762000.0,6877000.0,,149699000.0,1456300.0,28719500.0,179874800.0,Presentada,2024-03-06
IMP-2026-00348,IM-946826,Persona jurídica,Antioquia,Envigado,8703.23.00,Vehículos automóviles con motor de émbolo,China,2024,60728000.0,2687000.0,602000.0,64017000.0,6410600.0,13381200.0,83808800.0,En revisión,2024-02-06
IMP-2026-00463,IM-976258,Persona natural,SANTANDER,Bucaramanga,6109.10.00,Camisetas de punto de algodón,Brasil,2024,262192000.0,8146000.0,2736000.0,273074000.0,13702000.0,54487400.0,341263400.0,Extemporánea,2024-11-14
IMP-2026-00089,IM-553014,Persona jurídica,Atlántico,Soledad,3004.90.00,Medicamentos para uso humano,Alemania,2024,52746000.0,1280000.0,516000.0,54542000.0,6912200.0,11676300.0,73130500.0,Presentada,2024-10-02
IMP-2026-00324,IM-409898,Persona natural,Santander,Floridablanca,6109.10.00,Camisetas de punto de algodón,Brasil,2024,51685000.0,1595000.0,921000.0,54201000.0,4002300.0,11058600.0,69261900.0,Extemporánea,2024-12-13
IMP-2026-00132,IM-835869,Persona natural,Cundinamarca,Mosquera,8517.12.00,Teléfonos móviles,Brasil,2025,156510000.0,3267000.0,1606000.0,161383000.0,14280400.0,33376000.0,209039400.0,Extemporánea,2025-02-26
IMP-2026-00125,IM-925206,Persona natural,Santander,Bucaramanga,8471.30.00,Máquinas automáticas para procesamiento de datos,Estados Unidos,2025,40034000.0,2648000.0,768000.0,43450000.0,5537600.0,9307600.0,58295200.0,En revisión,2025-04-05
IMP-2026-00175,IM-536802,Persona natural,Cundinamarca,Soacha,8517.12.00,Teléfonos móviles,Estados Unidos,2025,91277000.0,6790000.0,1311000.0,99378000.0,1742600.0,19212900.0,120333500.0,Con corrección,2025-04-19
IMP-2026-00499,IM-546768,Persona jurídica,Santander,Floridablanca,3004.90.00,Medicamentos para uso humano,Alemania,2025,40801000.0,3184000.0,460000.0,44445000.0,6560800.0,9691100.0,60696900.0,Extemporánea,2025-02-05
IMP-2026-00192,IM-834233,Persona natural,Atlántico,Soledad,8703.23.00,Vehículos automóviles con motor de émbolo,Corea del Sur,2024,118947000.0,4771000.0,2027000.0,125745000.0,87400.0,23908200.0,149740600.0,En revisión,2024-12-23
IMP-2026-00015,IM-287330,Persona natural,Cundinamarca,Soacha,9403.60.00,Muebles de madera,Alemania,2025,25125000.0,926000.0,330000.0,26381000.0,557700.0,5118400.0,32057100.0,En revisión,2025-09-25
IMP-2026-00404,IM-137034,Persona natural,Antioquia,Envigado,3004.90.00,Medicamentos para uso humano,Corea del Sur,2025,5524000.0,182000.0,79000.0,5785000.0,564200.0,1206300.0,7555500.0,En revisión,2025-07-24
IMP-2026-00251,IM-367382,Persona natural,Atlántico,Soledad,3004.90.00,Medicamentos para uso humano,Corea del Sur,2024,26162000.0,1080000.0,244000.0,27486000.0,1221600.0,5454400.0,34162000.0,Presentada,2024-07-08
IMP-2026-00124,IM-228093,Persona jurídica,Atlántico,Soledad,8471.30.00,Máquinas automáticas para procesamiento de datos,Estados Unidos,2025,154217000.0,7421000.0,1731000.0,163369000.0,6699900.0,32313100.0,202382000.0,En revisión,2025-05-07
IMP-2026-00139,IM-290217,Persona natural,Antioquia,Itagüí,8703.23.00,Vehículos automóviles con motor de émbolo,Japón,2025,23435000.0,718000.0,148000.0,24301000.0,439700.0,4700700.0,29441400.0,Presentada,2025-06-01
IMP-2026-00112,IM-348728,Persona jurídica,Cundinamarca,Chía,6109.10.00,Camisetas de punto de algodón,Corea del Sur,2025,59513000.0,4630000.0,308000.0,64451000.0,9376400.0,14027200.0,87854600.0,Con corrección,2025-08-04
IMP-2026-00052,IM-545798,Persona natural,Cundinamarca,Soacha,6109.10.00,Camisetas de punto de algodón,México,2024,63964000.0,2190000.0,632000.0,66786000.0,7478300.0,14110200.0,88374500.0,Extemporánea,2024-02-25
IMP-2026-00359,IM-904092,Persona natural,Valle del Cauca,Buenaventura,,Máquinas automáticas para procesamiento de datos,México,2025,7327000.0,272000.0,70000.0,7669000.0,923800.0,1632600.0,10225400.0,Presentada,2025-09-12
IMP-2026-00113,IM-693419,Persona natural,Santander,Floridablanca,8471.30.00,Máquinas automáticas para procesamiento de datos,España,2025,49828000.0,1217000.0,663000.0,51708000.0,7518100.0,11253000.0,70479100.0,Con corrección,2025-05-01
IMP-2026-00010,IM-852787,Persona jurídica,Antioquia,Envigado,8703.23.00,Vehículos automóviles con motor de émbolo,Brasil,2024,29749000.0,1479000.0,164000.0,31392000.0,4281800.0,6778000.0,42451800.0,Extemporánea,2024-04-19
IMP-2026-00020,IM-107540,Persona natural,Valle del Cauca,Buenaventura,8471.30.00,Máquinas automáticas para procesamiento de datos,China,2024,29232000.0,696000.0,283000.0,30211000.0,1473600.0,6020100.0,37704700.0,En revisión,2024-10-08
IMP-2026-00017,IM-189814,Persona jurídica,Antioquia,Medellín,8471.30.00,Máquinas automáticas para procesamiento de datos,Estados Unidos,2024,20238000.0,411000.0,349000.0,20998000.0,2226400.0,4412600.0,27637000.0,En revisión,2024-10-03
IMP-2026-00278,IM-166340,Persona natural,Bogotá D.C.,Bogotá,8703.23.00,Vehículos automóviles con motor de émbolo,Japón,2025,41718000.0,2186000.0,697000.0,44601000.0,715700.0,8610200.0,53926900.0,Con corrección,2025-08-05
IMP-2026-00001,IM-246316,Persona natural,Santander,Bucaramanga,8471.30.00,Máquinas automáticas para procesamiento de datos,Estados Unidos,2025,65445000.0,4183000.0,915000.0,70543000.0,1650900.0,13716800.0,85910700.0,Extemporánea,2025-04-08
IMP-2026-00423,IM-674765,Persona jurídica,Antioquia,Itagüí,3004.90.00,Medicamentos para uso humano,Brasil,2025,63084000.0,3200000.0,959000.0,67243000.0,420300.0,12856000.0,80519300.0,Extemporánea,2025-03-02
IMP-2026-00106,IM-747453,Persona natural,Santander,Floridablanca,8703.23.00,Vehículos automóviles con motor de émbolo,Brasil,2025,50226000.0,2121000.0,863000.0,53210000.0,7560500.0,11546400.0,72316900.0,Con corrección,2025-09-02
IMP-2026-00343,IM-342716,Persona jurídica,Valle del Cauca,Cali,9403.60.00,Muebles de madera,Corea del Sur,2025,48696000.0,1063000.0,923000.0,50682000.0,5242000.0,10625600.0,66549600.0,Extemporánea,2025-02-02
IMP-2026-00407,IM-447411,Persona jurídica,Bogotá D.C.,Bogotá,6109.10.00,Camisetas de punto de algodón,Alemania,2025,21565000.0,1327000.0,128000.0,23020000.0,1759000.0,4708000.0,29487000.0,Con corrección,2025-07-26
IMP-2026-00490,IM-370804,Persona natural,Santander,Bucaramanga,8517.12.00,Teléfonos móviles,Japón,2024,8342000.0,199000.0,100000.0,8641000.0,1178500.0,1865700.0,11685200.0,Presentada,2024-01-06
IMP-2026-00379,IM-670557,Persona jurídica,Cundinamarca,Chía,9403.60.00,Muebles de madera,México,2025,41206000.0,991000.0,701000.0,42898000.0,1503900.0,8436400.0,52838300.0,Con corrección,2025-02-21
IMP-2026-00231,IM-600646,Persona jurídica,Valle del Cauca,Buenaventura,9403.60.00,Muebles de madera,Brasil,2024,125683000.0,3318000.0,770000.0,129771000.0,14174700.0,27349700.0,171295400.0,Presentada,2024-03-05
IMP-2026-00431,IM-218423,Persona jurídica,Antioquia,Itagüí,8471.30.00,Máquinas automáticas para procesamiento de datos,España,2024,20926000.0,-1649000.0,294000.0,22869000.0,1997900.0,4724700.0,29591600.0,Presentada,2024-08-16
IMP-2026-00071,IM-739979,Persona jurídica,Valle del Cauca,,3004.90.00,Medicamentos para uso humano,Corea del Sur,2024,24843000.0,686000.0,319000.0,25848000.0,2985400.0,5478300.0,34311700.0,Presentada,2024-08-19
IMP-2026-00325,IM-174461,Persona natural,Cundinamarca,Soacha,6109.10.00,Camisetas de punto de algodón,Corea del Sur,2025,68586000.0,3204000.0,873000.0,72663000.0,3915400.0,14549900.0,91128300.0,Con corrección,2025-11-20
IMP-2026-00257,IM-305721,Persona jurídica,Valle del Cauca,Buenaventura,8517.12.00,Teléfonos móviles,Brasil,2025,47037000.0,2656000.0,597000.0,50290000.0,1740100.0,9885700.0,61915800.0,Extemporánea,2025-05-05
IMP-2026-00285,IM-849979,Persona jurídica,Santander,Floridablanca,6109.10.00,Camisetas de punto de algodón,Japón,2025,22858000.0,832000.0,456000.0,24146000.0,1543600.0,4881000.0,30570600.0,Presentada,2025-11-05
IMP-2026-00039,IM-470858,Persona jurídica,ANTIOQUIA,Medellín,9403.60.00,Muebles de madera,México,2024,87840000.0,3695000.0,1272000.0,92807000.0,8819400.0,19309000.0,120935400.0,En revisión,2024-11-04
IMP-2026-00151,IM-731661,Persona natural,Bogotá D.C.,Bogotá,6109.10.00,Camisetas de punto de algodón,Estados Unidos,2025,43028000.0,2376000.0,696000.0,46100000.0,2984900.0,9326100.0,58411000.0,En revisión,2025-04-06
IMP-2026-00299,IM-244564,Persona jurídica,Antioquia,Itagüí,6109.10.00,Camisetas de punto de algodón,Japón,2025,25335000.0,1419000.0,238000.0,26992000.0,2813800.0,5663100.0,35468900.0,En revisión,2025-07-20
IMP-2026-00462,IM-186345,Persona natural,Valle del Cauca,Buenaventura,9403.60.00,Muebles de madera,México,2024,254317000.0,11341000.0,4475000.0,270133000.0,15552900.0,54280300.0,339966200.0,Presentada,2024-06-17
IMP-2026-00164,IM-826501,Persona natural,Atlántico,Soledad,6109.10.00,Camisetas de punto de algodón,España,2024,11864000.0,333000.0,71000.0,12268000.0,1821700.0,2677000.0,16766700.0,Presentada,2024-03-27
IMP-2026-00168,IM-900185,Persona natural,Atlántico,,9403.60.00,Muebles de madera,Alemania,2024,32507000.0,2076000.0,620000.0,35203000.0,957000.0,6870400.0,43030400.0,Extemporánea,2024-05-03
IMP-2026-00275,IM-637333,Persona jurídica,Valle del Cauca,Cali,3004.90.00,Medicamentos para uso humano,Estados Unidos,2025,133086000.0,3945000.0,2298000.0,139329000.0,17391100.0,29776800.0,186496900.0,Presentada,2025-09-18
IMP-2026-00207,IM-786041,Persona jurídica,Valle del Cauca,Cali,8703.23.00,Vehículos automóviles con motor de émbolo,Alemania,2025,81954000.0,1736000.0,538000.0,84228000.0,10106300.0,17923500.0,112257800.0,Presentada,2025-10-27
IMP-2026-00245,IM-568127,Persona natural,Bogotá D.C.,Bogotá,8471.30.00,Máquinas automáticas para procesamiento de datos,Brasil,2024,169265000.0,6623000.0,2435000.0,178323000.0,23698500.0,38384100.0,240405600.0,Presentada,2024-10-02
IMP-2026-00189,IM-295085,Persona jurídica,Santander,Floridablanca,6109.10.00,Camisetas de punto de algodón,Japón,2024,195914000.0,14902000.0,3700000.0,214516000.0,14506800.0,43514300.0,272537100.0,Presentada,2024-01-24
IMP-2026-00438,IM-578368,PERSONA JURÍDICA,Atlántico,Soledad,8517.12.00,Teléfonos móviles,Corea del Sur,2024,52829000.0,3366000.0,879000.0,57074000.0,5617500.0,11911400.0,74602900.0,Presentada,2024-11-22
IMP-2026-00478,IM-376021,Persona natural,Bogotá D.C.,Bogotá,8703.23.00,Vehículos automóviles con motor de émbolo,ESTADOS UNIDOS,2024,23463000.0,1390000.0,187000.0,25040000.0,2123400.0,5161000.0,32324400.0,Presentada,2024-09-07
IMP-2026-00146,IM-878086,Persona natural,Atlántico,Barranquilla,8517.12.00,Teléfonos móviles,Japón,2025,156235000.0,5491000.0,2453000.0,164179000.0,22046100.0,35382800.0,221607900.0,Presentada,2025-02-13
IMP-2026-00441,IM-856609,Persona jurídica,Valle del Cauca,Cali,3004.90.00,Medicamentos para uso humano,Estados Unidos,2024,23474000.0,1182000.0,413000.0,25069000.0,2755600.0,5286700.0,33111300.0,Con corrección,2024-12-24
IMP-2026-00434,IM-273438,Persona natural,Valle del Cauca, yumbo ,6109.10.00,Camisetas de punto de algodón,España,2025,17206000.0,790000.0,199000.0,18195000.0,1672900.0,3774900.0,23642800.0,Con corrección,2025-08-28
IMP-2026-00405,IM-986486,Persona natural,Santander,Floridablanca,9403.60.00,Muebles de madera,México,2025,32170000.0,756000.0,641000.0,33567000.0,290900.0,6433000.0,40290900.0,Con corrección,2025-09-10
IMP-2026-00351,IM-918895,Persona natural,Valle del Cauca,Cali,8471.30.00,Máquinas automáticas para procesamiento de datos,México,2024,13306000.0,582000.0,205000.0,14093000.0,821400.0,2833700.0,17748100.0,En revisión,2024-01-27
IMP-2026-00369,IM-767090,Persona natural,Santander,Bucaramanga,6109.10.00,Camisetas de punto de algodón,Corea del Sur,2025,29652000.0,1781000.0,191000.0,31624000.0,2959300.0,6570800.0,41154100.0,Extemporánea,2025-06-06
IMP-2026-00412,IM-554779,Persona jurídica,Bogotá D.C.,Bogotá,3004.90.00,Medicamentos para uso humano,Japón,2024,6570000.0,136000.0,74000.0,6780000.0,489500.0,1381200.0,8650700.0,Extemporánea,2024-03-20
IMP-2026-00307,IM-316995,Persona natural,Santander,Floridablanca,6109.10.00,Camisetas de punto de algodón,Corea del Sur,2024,161393000.0,3534000.0,3073000.0,168000000.0,1309700.0,32168800.0,201478500.0,Con corrección,2024-04-27
IMP-2026-00286,IM-825309,Persona jurídica,Cundinamarca,Mosquera,3004.90.00,Medicamentos para uso humano,China,2025,261294000.0,12303000.0,1948000.0,275545000.0,32850900.0,58595200.0,366991100.0,Con corrección,2025-09-17
IMP-2026-00386,IM-580412,Persona natural,Atlántico,Soledad,8517.12.00,Teléfonos móviles,Japón,2025,16128000.0,1092000.0,305000.0,17525000.0,616800.0,3446900.0,21588700.0,Presentada,2025-05-17
IMP-2026-00176,IM-592972,Persona natural,Valle del Cauca,Yumbo,8517.12.00,Teléfonos móviles,Japón,2024,4364000.0,333000.0,63000.0,4760000.0,239100.0,949800.0,5948900.0,Con corrección,2024-07-28
IMP-2026-00419,IM-785315,Persona natural,Atlántico,Barranquilla,8517.12.00,Teléfonos móviles,China,2024,20398000.0,1250000.0,236000.0,21884000.0,836000.0,4316800.0,27036800.0,Presentada,2024-11-04
IMP-2026-00365,IM-452909,Persona jurídica,Valle del Cauca,Buenaventura,9403.60.00,Muebles de madera,Corea del Sur,2025,45138000.0,3479000.0,633000.0,49250000.0,6051800.0,10507300.0,65809100.0,En revisión,2025-10-04
IMP-2026-00230,IM-997734,Persona jurídica,Santander,Floridablanca,8703.23.00,Vehículos automóviles con motor de émbolo,Japón,2024,80222000.0,1852000.0,998000.0,83072000.0,7437100.0,17196700.0,107705800.0,Con corrección,2024-03-20
IMP-2026-00457,IM-292800,Persona natural,Atlántico,Soledad,8471.30.00,Máquinas automáticas para procesamiento de datos,México,2025,17572000.0,413000.0,176000.0,18161000.0,2138200.0,3856800.0,24156000.0,Extemporánea,2025-09-08
IMP-2026-00229,IM-581206,Persona jurídica,Antioquia,Medellín,8471.30.00,Máquinas automáticas para procesamiento de datos,México,2025,16880000.0,369000.0,151000.0,17400000.0,1553200.0,3601100.0,22554300.0,Presentada,2025-03-24
IMP-2026-00101,IM-899929,Persona jurídica,Cundinamarca,Mosquera,3004.90.00,Medicamentos para uso humano,España,2025,74337000.0,1894000.0,923000.0,77154000.0,666100.0,14785800.0,92605900.0,Con corrección,2025-06-18
IMP-2026-00410,IM-850432,Persona natural,Bogotá D.C.,Bogotá,3004.90.00,Medicamentos para uso humano,Estados Unidos,2025,9021000.0,660000.0,106000.0,9787000.0,285700.0,1913800.0,11986500.0,Extemporánea,2025-03-11
IMP-2026-00054,IM-597732,Persona jurídica,Atlántico,Soledad,8517.12.00,Teléfonos móviles,Alemania,2025,60176000.0,2531000.0,540000.0,63247000.0,2314700.0,12456700.0,78018400.0,En revisión,2025-03-24
IMP-2026-00228,IM-576419,Persona jurídica,Valle del Cauca,Buenaventura,8517.12.00,Teléfonos móviles,México,2024,10307000.0,501000.0,154000.0,10962000.0,1540400.0,2375500.0,14877900.0,Extemporánea,2024-06-10
IMP-2026-00473,IM-860835,Persona jurídica,Antioquia,Itagüí,8471.30.00,Máquinas automáticas para procesamiento de datos,Corea del Sur,2025,177182000.0,4239000.0,2182000.0,183603000.0,925700.0,35060500.0,219589200.0,Con corrección,2025-02-07
IMP-2026-00156,IM-208529,Persona jurídica,Antioquia,Itagüí,3004.90.00,Medicamentos para uso humano,Estados Unidos,2024,24468000.0,1806000.0,152000.0,26426000.0,2079100.0,5416000.0,33921100.0,En revisión,2024-01-15
IMP-2026-00155,IM-681242,Persona natural,SANTANDER,Bucaramanga,8517.12.00,Teléfonos móviles,España,2025,20777000.0,648000.0,193000.0,21618000.0,562200.0,4214200.0,26394400.0,En revisión,2025-08-19
IMP-2026-00252,IM-495489,Persona natural,Cundinamarca,Chía,8471.30.00,Máquinas automáticas para procesamiento de datos,Estados Unidos,2024,30045000.0,1022000.0,169000.0,31236000.0,83700.0,5950700.0,37270400.0,En revisión,2024-01-09
IMP-2026-00276,IM-922543,Persona jurídica,Valle del Cauca,Buenaventura,8517.12.00,Teléfonos móviles,Japón,2024,17594000.0,888000.0,90000.0,18572000.0,799600.0,3680600.0,23052200.0,Presentada,2024-10-20
IMP-2026-00159,IM-858889,Persona natural,Valle del Cauca,Yumbo,9403.60.00,Muebles de madera,Corea del Sur,2025,65720000.0,4979000.0,877000.0,71576000.0,6137100.0,14765500.0,92478600.0,Presentada,2025-05-09
IMP-2026-00272,IM-812711,Persona jurídica,Bogotá D.C.,Bogotá,8517.12.00,Teléfonos móviles,Estados Unidos,2025,120686000.0,8475000.0,1866000.0,131027000.0,13367500.0,27435000.0,171829500.0,Con corrección,2025-07-06
IMP-2026-00045,IM-101773,Persona natural,Atlántico,Barranquilla,8703.23.00,Vehículos automóviles con motor de émbolo,Corea del Sur,2024,89838000.0,6202000.0,1197000.0,97237000.0,7725200.0,19942800.0,124905000.0,Extemporánea,2024-12-14
IMP-2026-00489,IM-145240,Persona natural,Atlántico,Barranquilla,9403.60.00,Muebles de madera,México,2025,29746000.0,2353000.0,493000.0,32592000.0,132800.0,6217700.0,38942500.0,En revisión,2025-01-08
IMP-2026-00114,IM-810687,Persona natural,Bogotá D.C.,Bogotá,6109.10.00,Camisetas de punto de algodón,Estados Unidos,2024,40329000.0,2072000.0,582000.0,42983000.0,4485800.0,9019100.0,56487900.0,Presentada,2024-10-09
IMP-2026-00323,IM-188341,Persona natural,Cundinamarca,Chía,6109.10.00,Camisetas de punto de algodón,Alemania,2024,65269000.0,2009000.0,559000.0,67837000.0,9884500.0,14767100.0,92488600.0,Presentada,2024-05-21
IMP-2026-00212,IM-246570,Persona jurídica,Cundinamarca,Mosquera,3004.90.00,Medicamentos para uso humano,Corea del Sur,2024,29223000.0,631000.0,226000.0,30080000.0,2630700.0,6215000.0,38925700.0,En revisión,2024-10-17
IMP-2026-00109,IM-182804,Persona jurídica,Atlántico,Soledad,8517.12.00,Teléfonos móviles,Brasil,2024,39094000.0,914000.0,265000.0,40273000.0,710000.0,7786800.0,48769800.0,Extemporánea,2024-03-06
IMP-2026-00170,IM-185569,Persona jurídica,Valle del Cauca,Buenaventura,8517.12.00,Teléfonos móviles,Brasil,2025,34083000.0,2308000.0,273000.0,36664000.0,900000.0,7137200.0,44701200.0,Presentada,2025-04-13
IMP-2026-00080,IM-561865,Persona jurídica,Valle del Cauca,Cali,8517.12.00,Teléfonos móviles,México,2025,111827000.0,7321000.0,583000.0,119731000.0,2084600.0,23145000.0,144960600.0,Presentada,2025-08-16
IMP-2026-00479,IM-138436,Persona jurídica,Atlántico, barranquilla ,8517.12.00,Teléfonos móviles,España,2025,63492000.0,3588000.0,650000.0,67730000.0,1159200.0,13088900.0,81978100.0,En revisión,2025-10-07
IMP-2026-00085,IM-342720,Persona jurídica,CUNDINAMARCA,Chía,9403.60.00,Muebles de madera,Alemania,2025,14924000.0,362000.0,218000.0,15504000.0,61700.0,2957500.0,18523200.0,Extemporánea,2025-05-02
IMP-2026-00009,IM-983794,PERSONA NATURAL,Cundinamarca,,9403.60.00,Muebles de madera,Brasil,2024,21842000.0,1334000.0,253000.0,23429000.0,428900.0,4533000.0,28390900.0,Presentada,2024-11-11
IMP-2026-00033,IM-974244,Persona jurídica,Valle del Cauca,Cali,8703.23.00,Vehículos automóviles con motor de émbolo,China,2025,33893000.0,1733000.0,527000.0,36153000.0,1971900.0,7243700.0,45368600.0,Con corrección,2025-03-15
IMP-2026-00100,IM-861319,Persona jurídica,Cundinamarca,Chía,8517.12.00,Teléfonos móviles,España,2025,72215000.0,2868000.0,1090000.0,76173000.0,8596600.0,16106200.0,100875800.0,En revisión,2025-01-10
IMP-2026-00442,IM-579247,Persona natural,Atlántico,Barranquilla,6109.10.00,Camisetas de punto de algodón,Corea del Sur,2024,71583000.0,3761000.0,992000.0,76336000.0,5820900.0,15609800.0,97766700.0,Presentada,2024-07-07
IMP-2026-00418,IM-930605,Persona natural,Atlántico,Barranquilla,8471.30.00,Máquinas automáticas para procesamiento de datos,Japón,2025,16439000.0,718000.0,195000.0,17352000.0,2043200.0,3685100.0,23080300.0,Con corrección,2025-12-21
IMP-2026-00223,IM-384815,Persona natural,Bogotá D.C.,Bogotá,8517.12.00,Teléfonos móviles,Estados Unidos,2025,51445000.0,2883000.0,770000.0,55098000.0,1449400.0,10744000.0,67291400.0,En revisión,2025-09-23
IMP-2026-00029,IM-171262,Persona natural,Valle del Cauca,Yumbo,8471.30.00,Máquinas automáticas para procesamiento de datos,Japón,2024,43885000.0,3004000.0,809000.0,47698000.0,2275200.0,9494900.0,59468100.0,Presentada,2024-02-20
IMP-2026-00288,IM-332785,Persona natural,Antioquia,Envigado,8471.30.00,Máquinas automáticas para procesamiento de datos,España,2024,80870000.0,2943000.0,1558000.0,85371000.0,1934400.0,16588000.0,103893400.0,Con corrección,2024-02-09
IMP-2026-00376,IM-980651,Persona jurídica,Bogotá D.C.,Bogotá,8471.30.00,Máquinas automáticas para procesamiento de datos,México,2025,22895000.0,601000.0,363000.0,23859000.0,2070000.0,4926500.0,30855500.0,Presentada,2025-10-18
IMP-2026-00056,IM-245095,Persona natural,Bogotá D.C.,Bogotá,8703.23.00,Vehículos automóviles con motor de émbolo,Brasil,2025,56016000.0,2810000.0,765000.0,59591000.0,4402400.0,12158700.0,76152100.0,Extemporánea,2025-09-03
IMP-2026-00482,IM-329448,Persona jurídica,Bogotá D.C.,Bogotá,9403.60.00,Muebles de madera,Brasil,2025,125603000.0,7959000.0,756000.0,134318000.0,14261200.0,28230000.0,176809200.0,Presentada,2025-06-02
IMP-2026-00461,IM-962043,Persona jurídica,Antioquia,Itagüí,9403.60.00,Muebles de madera,España,2025,14301000.0,832000.0,240000.0,15373000.0,272900.0,2972700.0,18618600.0,Extemporánea,2025-01-17
IMP-2026-00417,IM-862491,Persona natural,Bogotá D.C.,Bogotá,3004.90.00,Medicamentos para uso humano,Brasil,2024,25565000.0,1642000.0,310000.0,27517000.0,1551500.0,5523000.0,34591500.0,Presentada,2024-04-08
IMP-2026-00049,IM-932291,Persona natural,Cundinamarca,Chía,9403.60.00,Muebles de madera,Estados Unidos,2024,20175000.0,599000.0,373000.0,21147000.0,1923600.0,4383400.0,27454000.0,Con corrección,2024-09-16
IMP-2026-00420,IM-597440,Persona natural,Cundinamarca,Chía,3004.90.00,Medicamentos para uso humano,Brasil,2024,112662000.0,7937000.0,628000.0,121227000.0,16397700.0,26148700.0,163773400.0,Presentada,2024-09-09
IMP-2026-00381,IM-201400,Persona natural,Antioquia,Itagüí,8471.30.00,Máquinas automáticas para procesamiento de datos,Corea del Sur,2024,5424000.0,217000.0,82000.0,5723000.0,853400.0,1249500.0,7825900.0,Extemporánea,2024-12-22
IMP-2026-00034,IM-878480,Persona natural,Santander,Bucaramanga,6109.10.00,Camisetas de punto de algodón,ALEMANIA,2025,59653000.0,4671000.0,1159000.0,65483000.0,2473100.0,12911700.0,80867800.0,Con corrección,2025-02-04
IMP-2026-00036,IM-103717,PERSONA JURÍDICA,Valle del Cauca,Cali,9403.60.00,Muebles de madera,México,2025,38783000.0,1945000.0,224000.0,40952000.0,1711700.0,8106100.0,50769800.0,Con corrección,2025-05-02
IMP-2026-00064,IM-309044,Persona natural,Santander,Bucaramanga,9403.60.00,Muebles de madera,México,2024,46442000.0,2373000.0,843000.0,49658000.0,5517800.0,10483400.0,65659200.0,En revisión,2024-01-08
IMP-2026-00452,IM-818430,Persona jurídica,Santander,,3004.90.00,Medicamentos para uso humano,China,2025,26705000.0,1195000.0,412000.0,28312000.0,13700.0,5381900.0,33707600.0,Presentada,2025-07-26
IMP-2026-00312,IM-765678,Persona jurídica,Antioquia,Itagüí,8471.30.00,Máquinas automáticas para procesamiento de datos,Estados Unidos,2024,19991000.0,472000.0,174000.0,20637000.0,493900.0,4014900.0,25145800.0,Extemporánea,2024-12-15
IMP-2026-00235,IM-796353,Persona natural,Cundinamarca,Mosquera,8517.12.00,Teléfonos móviles,Brasil,2025,36968000.0,1150000.0,485000.0,38603000.0,5054700.0,8295000.0,51952700.0,Presentada,2025-09-26
IMP-2026-00497,IM-670143,Persona jurídica,Antioquia,Envigado,6109.10.00,Camisetas de punto de algodón,Alemania,2024,28495000.0,885000.0,,29905000.0,2935000.0,6239600.0,39079600.0,En revisión,2024-05-20
IMP-2026-00046,IM-230679,Persona jurídica,Valle del Cauca,Yumbo,8703.23.00,Vehículos automóviles con motor de émbolo,Alemania,2025,11630000.0,401000.0,74000.0,12105000.0,1629100.0,2609500.0,16343600.0,Extemporánea,2025-11-28
IMP-2026-00304,IM-218710,Persona natural,Cundinamarca,Mosquera,9403.60.00,Muebles de madera,Alemania,2025,40910000.0,1679000.0,225000.0,42814000.0,504600.0,8230500.0,51549100.0,Con corrección,2025-09-17
IMP-2026-00178,IM-970720,Persona jurídica,Valle del Cauca,Buenaventura,8517.12.00,Teléfonos móviles,España,2025,26290000.0,1770000.0,191000.0,28251000.0,1321000.0,5618700.0,35190700.0,En revisión,2025-11-06
IMP-2026-00220,IM-908634,Persona jurídica,Bogotá D.C.,Bogotá,8517.12.00,Teléfonos móviles,Brasil,2025,83743000.0,4316000.0,634000.0,88693000.0,3622800.0,17540000.0,109855800.0,Extemporánea,2025-04-10
IMP-2026-00389,IM-447596,Persona natural,Cundinamarca,Soacha,8517.12.00,Teléfonos móviles,China,2025,48257000.0,1335000.0,839000.0,50431000.0,5915800.0,10705900.0,67052700.0,Extemporánea,2025-01-13
IMP-2026-00297,IM-986589,Persona jurídica,Atlántico,Soledad,8517.12.00,Teléfonos móviles,México,2024,38257000.0,913000.0,525000.0,39695000.0,1601700.0,7846400.0,49143100.0,Con corrección,2024-06-12
IMP-2026-00022,IM-198907,Persona natural,Santander,Floridablanca,6109.10.00,Camisetas de punto de algodón,Japón,2025,154583000.0,9707000.0,2537000.0,166827000.0,14045400.0,34365800.0,215238200.0,Con corrección,2025-07-07
IMP-2026-00249,IM-528090,Persona natural,Santander,Floridablanca,8517.12.00,Teléfonos móviles,Alemania,2025,396782000.0,28735000.0,7841000.0,433358000.0,49940600.0,91826700.0,575125300.0,Extemporánea,2025-12-14
IMP-2026-00310,IM-381770,Persona jurídica,Bogotá D.C.,Bogotá,3004.90.00,Medicamentos para uso humano,Japón,2024,75163000.0,5539000.0,993000.0,81695000.0,10015400.0,17425000.0,109135400.0,Extemporánea,2024-10-21
IMP-2026-00200,IM-606404,Persona natural,Atlántico,Barranquilla,3004.90.00,Medicamentos para uso humano,Japón,2025,42254000.0,3122000.0,341000.0,45717000.0,1307700.0,8934700.0,55959400.0,Con corrección,2025-11-10
IMP-2026-00138,IM-969752,Persona jurídica,Atlántico,Barranquilla,3004.90.00,Medicamentos para uso humano,China,2024,15559000.0,754000.0,234000.0,16547000.0,-427700.0,3225200.0,20199900.0,En revisión,2024-10-22
IMP-2026-00025,IM-947272,Persona natural,Bogotá D.C.,Bogotá,3004.90.00,Medicamentos para uso humano,China,2024,43652000.0,3250000.0,381000.0,47283000.0,2910600.0,9536800.0,59730400.0,Presentada,2024-02-15
IMP-2026-00185,IM-387892,PERSONA NATURAL,Antioquia,Envigado,8471.30.00,Máquinas automáticas para procesamiento de datos,Estados Unidos,2025,76620000.0,2237000.0,1057000.0,79914000.0,6064100.0,16335800.0,102313900.0,Extemporánea,2025-10-14
IMP-2026-00206,IM-579441,Persona natural,Antioquia,Envigado,8471.30.00,Máquinas automáticas para procesamiento de datos,Brasil,2024,229697000.0,13675000.0,1242000.0,244614000.0,8144600.0,48024100.0,300782700.0,Con corrección,2024-07-17
IMP-2026-00135,IM-162894,Persona jurídica,Valle del Cauca,Buenaventura,8471.30.00,Máquinas automáticas para procesamiento de datos,Estados Unidos,2025,7251000.0,345000.0,143000.0,7739000.0,571900.0,1579100.0,9890000.0,Extemporánea,2025-03-18
IMP-2026-00300,IM-613426,Persona jurídica,Cundinamarca,Mosquera,8517.12.00,Teléfonos móviles,México,2024,3528000.0,253000.0,59000.0,3840000.0,22800.0,733900.0,4596700.0,En revisión,2024-09-06
IMP-2026-00117,IM-247594,Persona natural,Antioquia,Itagüí,8703.23.00,Vehículos automóviles con motor de émbolo,Japón,2024,355773000.0,13037000.0,2783000.0,371593000.0,25846100.0,75513400.0,472952500.0,Con corrección,2024-08-03
IMP-2026-00213,IM-631958,Persona jurídica,Cundinamarca,Mosquera,9403.60.00,Muebles de madera,Alemania,2025,100335000.0,6928000.0,1016000.0,108279000.0,4213500.0,21373600.0,133866100.0,Extemporánea,2025-10-11
IMP-2026-00459,IM-888669,Persona natural,Antioquia,Medellín,8517.12.00,Teléfonos móviles,Estados Unidos,2025,12715000.0,505000.0,146000.0,13366000.0,177600.0,2573300.0,16116900.0,Con corrección,2025-09-27
IMP-2026-00436,IM-622669,Persona jurídica,Valle del Cauca,Buenaventura,3004.90.00,Medicamentos para uso humano,Corea del Sur,2025,30195000.0,2082000.0,541000.0,32818000.0,4167100.0,7027200.0,44012300.0,Presentada,2025-02-28
IMP-2026-00371,IM-617033,Persona jurídica,Valle del Cauca,Buenaventura,3004.90.00,Medicamentos para uso humano,Corea del Sur,2025,75058000.0,2477000.0,483000.0,78018000.0,276600.0,14876000.0,93170600.0,Extemporánea,2025-03-14
IMP-2026-00232,IM-416613,Persona natural,Antioquia,Envigado,6109.10.00,Camisetas de punto de algodón,Alemania,2025,19714000.0,980000.0,302000.0,20996000.0,1369400.0,4249400.0,26614800.0,Con corrección,2025-05-11
IMP-2026-00218,IM-651002,Persona jurídica,Atlántico,Barranquilla,8517.12.00,Teléfonos móviles,Corea del Sur,2025,120036000.0,2563000.0,1084000.0,123683000.0,10048600.0,25409000.0,159140600.0,En revisión,2025-11-16
IMP-2026-00057,IM-527398,Persona jurídica,Santander,Bucaramanga,9403.60.00,Muebles de madera,España,2024,74452000.0,2743000.0,399000.0,77594000.0,7512700.0,16170300.0,101277000.0,Extemporánea,2024-02-14
IMP-2026-00468,IM-558936,Persona jurídica,Santander,Floridablanca,8517.12.00,Teléfonos móviles,Japón,2024,23378000.0,581000.0,372000.0,24331000.0,1811900.0,4967200.0,31110100.0,Presentada,2024-05-25
IMP-2026-00486,IM-605529,Persona natural,Bogotá D.C.,Bogotá,8703.23.00,Vehículos automóviles con motor de émbolo,México,2025,14509000.0,736000.0,248000.0,15493000.0,1067300.0,3146500.0,19706800.0,Extemporánea,2025-08-26
IMP-2026-00375,IM-831063,Persona jurídica,Valle del Cauca,Cali,8703.23.00,Vehículos automóviles con motor de émbolo,Alemania,2024,213191000.0,13121000.0,4236000.0,230548000.0,4440200.0,44647800.0,279636000.0,Con corrección,2024-04-14
IMP-2026-00373,IM-493696,Persona natural,Antioquia, envigado ,8471.30.00,Máquinas automáticas para procesamiento de datos,Estados Unidos,2024,22805000.0,1270000.0,284000.0,24359000.0,3609200.0,5314000.0,33282200.0,Presentada,2024-06-06
IMP-2026-00182,IM-825686,Persona jurídica,Santander,Floridablanca,3004.90.00,Medicamentos para uso humano,Corea del Sur,2025,14965000.0,948000.0,236000.0,16149000.0,1553100.0,3363400.0,21065500.0,Con corrección,2025-03-16
IMP-2026-00098,IM-386706,Persona jurídica,Santander,Bucaramanga,3004.90.00,Medicamentos para uso humano,España,2025,29202000.0,744000.0,286000.0,30232000.0,4308300.0,6562700.0,41103000.0,Extemporánea,2025-09-23
IMP-2026-00115,IM-194511,Persona jurídica,Antioquia,Envigado,8471.30.00,Máquinas automáticas para procesamiento de datos,Corea del Sur,2025,342980000.0,18884000.0,6351000.0,368215000.0,2510100.0,70437800.0,441162900.0,Extemporánea,2025-12-05
IMP-2026-00279,IM-358568,Persona jurídica,Cundinamarca,Chía,3004.90.00,Medicamentos para uso humano,Brasil,2024,51105000.0,3975000.0,518000.0,55598000.0,5275900.0,11566000.0,72439900.0,Extemporánea,2024-06-09
IMP-2026-00119,IM-749641,Persona jurídica,Santander,Floridablanca,8471.30.00,Máquinas automáticas para procesamiento de datos,Brasil,2024,56050000.0,2162000.0,964000.0,59176000.0,6077900.0,12398200.0,77652100.0,Presentada,2024-08-01
IMP-2026-00384,IM-543940,Persona natural,Bogotá D.C.,Bogotá,6109.10.00,Camisetas de punto de algodón,Japón,2024,37665000.0,2313000.0,302000.0,40280000.0,3237500.0,8268300.0,51785800.0,En revisión,2024-03-02
IMP-2026-00171,IM-140163,Persona jurídica,Antioquia,Medellín,9403.60.00,Muebles de madera,España,2025,59083000.0,3540000.0,759000.0,63382000.0,3411500.0,12690800.0,79484300.0,En revisión,2025-03-05
IMP-2026-00439,IM-480941,Persona jurídica,Bogotá D.C.,Bogotá,8703.23.00,Vehículos automóviles con motor de émbolo,Estados Unidos,2025,47728000.0,3774000.0,910000.0,52412000.0,339400.0,10022800.0,62774200.0,Presentada,2025-12-22
IMP-2026-00055,IM-387936,Persona jurídica,Santander,Floridablanca,8517.12.00,Teléfonos móviles,Estados Unidos,2025,36870000.0,2711000.0,533000.0,40114000.0,4782500.0,8530300.0,53426800.0,Con corrección,2025-11-08
IMP-2026-00177,IM-352838,Persona natural,Antioquia,Itagüí,8471.30.00,Máquinas automáticas para procesamiento de datos,Corea del Sur,2025,55868000.0,3196000.0,726000.0,59790000.0,8016900.0,12883300.0,80690200.0,En revisión,2025-02-12
IMP-2026-00328,IM-662628,Persona natural,Santander,Floridablanca,3004.90.00,Medicamentos para uso humano,Alemania,2025,127143000.0,6005000.0,1086000.0,134234000.0,1479900.0,25785600.0,161499500.0,Presentada,2025-02-21
IMP-2026-00195,IM-571832,Persona jurídica,Atlántico,Barranquilla,6109.10.00,Camisetas de punto de algodón,Corea del Sur,2025,30720000.0,874000.0,235000.0,31829000.0,2379400.0,6499600.0,40708000.0,En revisión,2025-11-03
IMP-2026-00199,IM-147670,Persona jurídica,Santander,Floridablanca,8517.12.00,Teléfonos móviles,Brasil,2024,522095000.0,12543000.0,8484000.0,543122000.0,17100700.0,106442300.0,666665000.0,Extemporánea,2024-01-03
IMP-2026-00362,IM-139807,Persona natural,Atlántico,Barranquilla,3004.90.00,Medicamentos para uso humano,China,2025,102029000.0,6210000.0,788000.0,109027000.0,8588500.0,22346900.0,139962400.0,En revisión,2025-03-16
IMP-2026-00474,IM-302897,Persona jurídica,Bogotá D.C., bogotá ,8471.30.00,Máquinas automáticas para procesamiento de datos,España,2025,30367000.0,721000.0,565000.0,31653000.0,661100.0,6139700.0,38453800.0,Extemporánea,2025-10-03
IMP-2026-00183,IM-962287,Persona natural,Valle del Cauca,Yumbo,3004.90.00,Medicamentos para uso humano,Alemania,2024,60215000.0,2114000.0,613000.0,62942000.0,1714500.0,12284700.0,76941200.0,Con corrección,2024-07-20
IMP-2026-00416,IM-240288,Persona jurídica,Cundinamarca,Mosquera,8517.12.00,Teléfonos móviles,España,2025,71078000.0,5022000.0,460000.0,76560000.0,5607000.0,15611700.0,97778700.0,Con corrección,2025-07-22
IMP-2026-00355,IM-136332,Persona natural,Bogotá D.C.,Bogotá,8703.23.00,Vehículos automóviles con motor de émbolo,Alemania,2025,9924000.0,544000.0,129000.0,10597000.0,966300.0,2197000.0,13760300.0,Extemporánea,2025-08-05
IMP-2026-00104,IM-579123,Persona natural,Bogotá D.C.,Bogotá,8471.30.00,Máquinas automáticas para procesamiento de datos,México,2025,28879000.0,753000.0,181000.0,29813000.0,3134700.0,6260100.0,39207800.0,Extemporánea,2025-02-17
IMP-2026-00221,IM-701334,Persona jurídica,Antioquia,Envigado,8703.23.00,Vehículos automóviles con motor de émbolo,Japón,2025,48440000.0,1765000.0,645000.0,50850000.0,4968700.0,10605600.0,66424300.0,Con corrección,2025-05-04
IMP-2026-00131,IM-388375,Persona jurídica,Valle del Cauca,Cali,8703.23.00,Vehículos automóviles con motor de émbolo,Japón,2024,75934000.0,4726000.0,622000.0,81282000.0,1662700.0,15759500.0,98704200.0,Con corrección,2024-02-05
IMP-2026-00354,IM-501320,Persona jurídica,Atlántico,Soledad,9403.60.00,Muebles de madera,México,2025,109323000.0,7849000.0,1398000.0,118570000.0,8522500.0,24147600.0,151240100.0,Con corrección,2025-08-01
IMP-2026-00339,IM-405759,Persona jurídica,Valle del Cauca,Yumbo,3004.90.00,Medicamentos para uso humano,Brasil,2024,120623000.0,3873000.0,1822000.0,126318000.0,18377600.0,27492200.0,172187800.0,Extemporánea,2024-06-07
IMP-2026-00401,IM-213355,Persona jurídica,Atlántico,Soledad,8517.12.00,Teléfonos móviles,Estados Unidos,2025,21649000.0,467000.0,152000.0,22268000.0,3217000.0,4842200.0,30327200.0,Con corrección,2025-05-22
IMP-2026-00061,IM-549433,Persona natural,Bogotá D.C.,Bogotá,3004.90.00,Medicamentos para uso humano,España,2024,17076000.0,1214000.0,167000.0,18457000.0,469200.0,3596000.0,22522200.0,En revisión,2024-02-21
IMP-2026-00095,IM-896907,Persona natural,Bogotá D.C.,Bogotá,8517.12.00,Teléfonos móviles,Brasil,2025,32034000.0,2084000.0,523000.0,34641000.0,535800.0,6683600.0,41860400.0,Con corrección,2025-11-15
IMP-2026-00194,IM-853789,Persona jurídica,Atlántico,Barranquilla,8471.30.00,Máquinas automáticas para procesamiento de datos,Japón,2025,7611000.0,311000.0,122000.0,8044000.0,545600.0,1632000.0,10221600.0,Extemporánea,2025-07-23
IMP-2026-00141,IM-265056,Persona natural,Antioquia,Itagüí,8703.23.00,Vehículos automóviles con motor de émbolo,Estados Unidos,2024,284068000.0,6351000.0,4827000.0,295246000.0,27807800.0,61380200.0,384434000.0,Con corrección,2024-01-05
IMP-2026-00149,IM-514991,Persona jurídica,Valle del Cauca,Cali,3004.90.00,Medicamentos para uso humano,Corea del Sur,2025,20862000.0,567000.0,383000.0,21812000.0,1942100.0,4513300.0,28267400.0,En revisión,2025-09-03
IMP-2026-00203,IM-589131,Persona natural,Antioquia,Itagüí,8517.12.00,Teléfonos móviles,ALEMANIA,2024,138459000.0,4059000.0,1070000.0,143588000.0,18561300.0,30808400.0,192957700.0,Extemporánea,2024-06-08
IMP-2026-00153,IM-935012,Persona jurídica,Cundinamarca,Soacha,,Medicamentos para uso humano,China,2025,100551000.0,4159000.0,1991000.0,106701000.0,9695500.0,22115300.0,138511800.0,Con corrección,2025-11-10
IMP-2026-00338,IM-587686,Persona jurídica,Bogotá D.C.,Bogotá,8517.12.00,Teléfonos móviles,Alemania,2024,56316000.0,3380000.0,400000.0,60096000.0,270200.0,11469600.0,71835800.0,Con corrección,2024-07-03
IMP-2026-00415,IM-963862,Persona natural,Bogotá D.C.,Bogotá,3004.90.00,Medicamentos para uso humano,Alemania,2025,39220000.0,1043000.0,518000.0,40781000.0,2779500.0,8276500.0,51837000.0,Con corrección,2025-03-03
IMP-2026-00011,IM-358607,Persona jurídica,Cundinamarca,Mosquera,3004.90.00,Medicamentos para uso humano,Japón,2024,90653000.0,3509000.0,1160000.0,95322000.0,7817000.0,19596400.0,122735400.0,Extemporánea,2024-05-05
IMP-2026-00270,IM-462659,Persona natural,Santander,Bucaramanga,9403.60.00,Muebles de madera,Estados Unidos,2024,23421000.0,1263000.0,211000.0,24895000.0,3281000.0,5353400.0,33529400.0,Extemporánea,2024-09-24
IMP-2026-00097,IM-982277,Persona natural,Antioquia,Itagüí,8471.30.00,Máquinas automáticas para procesamiento de datos,España,2025,78763000.0,3415000.0,407000.0,82585000.0,11215600.0,17822100.0,111622700.0,Presentada,2025-02-08
IMP-2026-00211,IM-147504,Persona natural,Bogotá D.C.,Bogotá,,Teléfonos móviles,México,2025,72067000.0,1498000.0,453000.0,74018000.0,2308100.0,14502000.0,90828100.0,Con corrección,2025-09-02
IMP-2026-00241,IM-815894,Persona natural,Antioquia,Envigado,3004.90.00,Medicamentos para uso humano,Corea del Sur,2025,38280000.0,2746000.0,676000.0,41702000.0,1996100.0,8302600.0,52000700.0,Presentada,2025-07-03
IMP-2026-00058,IM-120480,Persona jurídica,Valle del Cauca,Cali,3004.90.00,Medicamentos para uso humano,España,2025,16900000.0,518000.0,323000.0,17741000.0,2538500.0,3853100.0,24132600.0,Presentada,2025-10-23
IMP-2026-00302,IM-980690,Persona jurídica,Atlántico,Soledad,3004.90.00,Medicamentos para uso humano,España,2025,37969000.0,1896000.0,542000.0,40407000.0,4257700.0,8486300.0,53151000.0,En revisión,2025-07-23
IMP-2026-00390,IM-393964,Persona jurídica,Antioquia,Envigado,8471.30.00,Máquinas automáticas para procesamiento de datos,Estados Unidos,2025,29235000.0,1828000.0,162000.0,31225000.0,1419800.0,6202500.0,38847300.0,En revisión,2025-05-10
IMP-2026-00360,IM-987624,Persona jurídica,Bogotá D.C.,Bogotá,8703.23.00,Vehículos automóviles con motor de émbolo,Corea del Sur,2024,36095000.0,1890000.0,349000.0,38334000.0,3509500.0,7950300.0,49793800.0,En revisión,2024-04-19
IMP-2026-00037,IM-217308,Persona natural,Bogotá D.C.,Bogotá,,Teléfonos móviles,México,2025,32856000.0,943000.0,406000.0,34205000.0,5057100.0,7459800.0,46721900.0,Presentada,2025-09-01
IMP-2026-00455,IM-712353,Persona jurídica,Cundinamarca,Chía,8517.12.00,Teléfonos móviles,China,2025,186159000.0,9985000.0,2616000.0,198760000.0,20168200.0,41596400.0,260524600.0,Con corrección,2025-03-06
IMP-2026-00021,IM-392004,Persona jurídica,Valle del Cauca,Cali,8703.23.00,Vehículos automóviles con motor de émbolo,Brasil,2024,89749000.0,6573000.0,1084000.0,97406000.0,1747400.0,18839100.0,117992500.0,En revisión,2024-09-08
IMP-2026-00447,IM-805034,Persona natural,Bogotá D.C.,Bogotá,8517.12.00,Teléfonos móviles,México,2025,131778000.0,7018000.0,669000.0,139465000.0,15919700.0,29523100.0,184907800.0,Con corrección,2025-11-12
IMP-2026-00333,IM-704663,Persona natural,Antioquia,Envigado,8703.23.00,Vehículos automóviles con motor de émbolo,España,2024,111583000.0,3610000.0,,115938000.0,4691100.0,22919500.0,143548600.0,Extemporánea,2024-05-23
IMP-2026-00076,IM-575786,Persona jurídica,Cundinamarca,Mosquera,8517.12.00,Teléfonos móviles,Alemania,2025,93403000.0,7263000.0,1638000.0,102304000.0,10680100.0,21467000.0,134451100.0,Con corrección,2025-06-23
IMP-2026-00201,IM-535810,Persona jurídica,Cundinamarca,Soacha,9403.60.00,Muebles de madera,España,2024,38542000.0,2077000.0,231000.0,40850000.0,4752000.0,8664400.0,54266400.0,En revisión,2024-03-15
IMP-2026-00078,IM-303547,Persona jurídica,Santander,Floridablanca,8703.23.00,Vehículos automóviles con motor de émbolo,Brasil,2025,28502000.0,1792000.0,,30719000.0,1289900.0,6081700.0,38090600.0,Con corrección,2025-02-27
IMP-2026-00264,IM-581294,Persona natural,Antioquia,Envigado,3004.90.00,Medicamentos para uso humano,Brasil,2024,239935000.0,6663000.0,4398000.0,250996000.0,35979700.0,54525400.0,341501100.0,Con corrección,2024-06-13
IMP-2026-00309,IM-239136,Persona natural,VALLE DEL CAUCA,Buenaventura,9403.60.00,Muebles de madera,México,2024,97483000.0,3935000.0,1679000.0,103097000.0,1238900.0,19823800.0,124159700.0,Con corrección,2024-12-28
IMP-2026-00150,IM-303322,Persona jurídica,Antioquia,Medellín,8471.30.00,Máquinas automáticas para procesamiento de datos,Corea del Sur,2024,13503000.0,820000.0,227000.0,14550000.0,1087900.0,2971200.0,18609100.0,En revisión,2024-09-17
IMP-2026-00446,IM-731792,Persona jurídica,Antioquia,Envigado,3004.90.00,Medicamentos para uso humano,Corea del Sur,2024,17013000.0,1089000.0,242000.0,18344000.0,517400.0,3583700.0,22445100.0,En revisión,2024-03-14
IMP-2026-00003,IM-944962,Persona natural,Bogotá D.C.,Bogotá,8517.12.00,Teléfonos móviles,Japón,2025,193195000.0,4103000.0,3777000.0,201075000.0,25107500.0,42974700.0,269157200.0,Con corrección,2025-01-25
IMP-2026-00053,IM-940346,Persona jurídica,Valle del Cauca,Yumbo,6109.10.00,Camisetas de punto de algodón,Corea del Sur,2024,104362000.0,6205000.0,1411000.0,111978000.0,1573400.0,21574800.0,135126200.0,Extemporánea,2024-08-05
IMP-2026-00263,IM-256130,Persona natural,Atlántico,Soledad,6109.10.00,Camisetas de punto de algodón,Brasil,2024,187166000.0,4771000.0,3399000.0,195336000.0,7782200.0,38592500.0,241710700.0,Con corrección,2024-02-17
IMP-2026-00254,IM-678897,Persona jurídica,Santander,Floridablanca,6109.10.00,Camisetas de punto de algodón,Alemania,2024,50335000.0,3876000.0,845000.0,55056000.0,738400.0,10600900.0,66395300.0,Extemporánea,2024-07-08
IMP-2026-00464,IM-851690,Persona jurídica,Santander,Bucaramanga,9403.60.00,Muebles de madera,China,2024,186370000.0,4020000.0,999000.0,191389000.0,23876600.0,40900500.0,256166100.0,Presentada,2024-01-15
IMP-2026-00260,IM-983472,Persona natural,Valle del Cauca,Yumbo,8471.30.00,Máquinas automáticas para procesamiento de datos,ESTADOS UNIDOS,2024,130779000.0,9895000.0,2606000.0,143280000.0,3737400.0,27933300.0,174950700.0,En revisión,2024-07-05
IMP-2026-00334,IM-485548,Persona natural,Atlántico,Soledad,8471.30.00,Máquinas automáticas para procesamiento de datos,Alemania,2025,50566000.0,1185000.0,656000.0,52407000.0,7362700.0,11356200.0,71125900.0,Presentada,2025-10-06
IMP-2026-00370,IM-467506,Persona jurídica,Valle del Cauca,Buenaventura,6109.10.00,Camisetas de punto de algodón,Estados Unidos,2024,138689000.0,6533000.0,1914000.0,147136000.0,3708100.0,28660400.0,179504500.0,Presentada,2024-12-03
IMP-2026-00322,IM-888996,Persona natural,Atlántico,Soledad,6109.10.00,Camisetas de punto de algodón,JAPÓN,2024,8233000.0,477000.0,,8842000.0,174500.0,1713100.0,10729600.0,Con corrección,2024-02-05
IMP-2026-00184,IM-731894,Persona jurídica,Valle del Cauca, cali ,8703.23.00,Vehículos automóviles con motor de émbolo,México,2025,260157000.0,19384000.0,3577000.0,283118000.0,17023200.0,57026800.0,357168000.0,Extemporánea,2025-05-15
IMP-2026-00152,IM-774225,Persona jurídica,Santander,Floridablanca,3004.90.00,Medicamentos para uso humano,Corea del Sur,2025,16831000.0,465000.0,156000.0,17452000.0,950500.0,3496500.0,21899000.0,En revisión,2025-11-19
IMP-2026-00460,IM-436526,Persona jurídica,Cundinamarca,Soacha,9403.60.00,Muebles de madera,Estados Unidos,2024,32813000.0,1091000.0,459000.0,34363000.0,3791900.0,7249400.0,45404300.0,Extemporánea,2024-01-22
IMP-2026-00303,IM-388204,Persona natural,Valle del Cauca,Yumbo,8471.30.00,Máquinas automáticas para procesamiento de datos,Alemania,2024,31929000.0,1264000.0,408000.0,33601000.0,442900.0,6468300.0,40512200.0,En revisión,2024-05-02
IMP-2026-00191,IM-192055,Persona jurídica,Bogotá D.C.,Bogotá,3004.90.00,Medicamentos para uso humano,Corea del Sur,2024,42107000.0,2336000.0,463000.0,44906000.0,368900.0,8602200.0,53877100.0,Presentada,2024-12-15
IMP-2026-00075,IM-709805,Persona jurídica,Antioquia,Medellín,3004.90.00,Medicamentos para uso humano,España,2024,20547000.0,952000.0,127000.0,21626000.0,82200.0,4124600.0,25832800.0,Con corrección,2024-05-22
IMP-2026-00349,IM-638401,Persona natural,Antioquia,Medellín,8471.30.00,Máquinas automáticas para procesamiento de datos,Alemania,2024,72377000.0,4912000.0,835000.0,78124000.0,9583900.0,16664500.0,104372400.0,Con corrección,2024-06-13
IMP-2026-00244,IM-218326,Persona natural,Antioquia,Medellín,8703.23.00,Vehículos automóviles con motor de émbolo,Japón,2024,29234000.0,1856000.0,175000.0,31265000.0,1478600.0,6221300.0,38964900.0,Presentada,2024-12-25
IMP-2026-00491,IM-594312,Persona jurídica,Santander,Floridablanca,8471.30.00,Máquinas automáticas para procesamiento de datos,México,2024,33248000.0,875000.0,494000.0,34617000.0,4268800.0,7388300.0,46274100.0,En revisión,2024-08-20
IMP-2026-00088,IM-591465,Persona jurídica,Antioquia,Itagüí,9403.60.00,Muebles de madera,Japón,2025,11550000.0,499000.0,224000.0,12273000.0,1666700.0,2648500.0,16588200.0,Con corrección,2025-08-04
IMP-2026-00240,IM-528728,Persona natural,Atlántico,Barranquilla,8471.30.00,Máquinas automáticas para procesamiento de datos,México,2025,49017000.0,1080000.0,758000.0,50855000.0,-2268300.0,10093400.0,63216700.0,Extemporánea,2025-01-10
IMP-2026-00144,IM-416061,Persona natural,Bogotá D.C.,Bogotá,8517.12.00,Teléfonos móviles,México,2024,31929000.0,1040000.0,337000.0,33306000.0,2420600.0,6788100.0,42514700.0,Con corrección,2024-01-07
IMP-2026-00425,IM-342389,Persona jurídica,Atlántico,,9403.60.00,Muebles de madera,Alemania,2024,10354000.0,424000.0,172000.0,10950000.0,1086300.0,2286900.0,14323200.0,Con corrección,2024-05-21
IMP-2026-00267,IM-598598,Persona jurídica,Atlántico,Barranquilla,6109.10.00,Camisetas de punto de algodón,China,2024,38527000.0,958000.0,320000.0,39805000.0,4079600.0,8338100.0,52222700.0,Presentada,2024-12-19
IMP-2026-00289,IM-606222,Persona natural,Cundinamarca,Chía,9403.60.00,Muebles de madera,Alemania,2024,76301000.0,3448000.0,1112000.0,80861000.0,4822500.0,16279900.0,101963400.0,Extemporánea,2024-06-01
IMP-2026-00137,IM-683286,Persona jurídica,Bogotá D.C.,Bogotá,6109.10.00,Camisetas de punto de algodón,Estados Unidos,2024,57460000.0,1776000.0,585000.0,59821000.0,8047000.0,12894900.0,80762900.0,Con corrección,2024-06-28
IMP-2026-00167,IM-362147,Persona natural,Atlántico,Soledad,6109.10.00,Camisetas de punto de algodón,España,2024,70921000.0,4953000.0,1381000.0,77255000.0,1440400.0,14952100.0,93647500.0,Con corrección,2024-10-05
IMP-2026-00084,IM-282256,Persona natural,Santander,Bucaramanga,8703.23.00,Vehículos automóviles con motor de émbolo,México,2024,9529000.0,548000.0,120000.0,10197000.0,1310000.0,2186300.0,13693300.0,Presentada,2024-03-08
IMP-2026-00450,IM-165046,Persona jurídica,Bogotá D.C.,Bogotá,9403.60.00,Muebles de madera,Brasil,2025,60583000.0,4398000.0,1208000.0,66189000.0,3656700.0,13270700.0,83116400.0,Presentada,2025-03-27
IMP-2026-00156,IM-208529,Persona jurídica,Antioquia,Itagüí,3004.90.00,Medicamentos para uso humano,Estados Unidos,2024,24468000.0,1806000.0,152000.0,26426000.0,2079100.0,5416000.0,33921100.0,En revisión,2024-01-15
IMP-2026-00357,IM-848023,Persona jurídica,Santander,Bucaramanga,9403.60.00,Muebles de madera,España,2024,85065000.0,2944000.0,1608000.0,89617000.0,810100.0,17181100.0,107608200.0,Extemporánea,2024-07-26
IMP-2026-00382,IM-647967,Persona jurídica,Atlántico,Barranquilla,8517.12.00,Teléfonos móviles,España,2024,57890000.0,3457000.0,774000.0,62121000.0,6808300.0,13096600.0,82025900.0,En revisión,2024-07-27
IMP-2026-00280,IM-982495,Persona jurídica,Valle del Cauca,Cali,8703.23.00,Vehículos automóviles con motor de émbolo,Corea del Sur,2024,192856000.0,14642000.0,1261000.0,208759000.0,29348200.0,45240400.0,283347600.0,Extemporánea,2024-07-11
IMP-2026-00127,IM-127032,Persona natural,Bogotá D.C.,Bogotá,6109.10.00,Camisetas de punto de algodón,China,2024,44916000.0,1515000.0,677000.0,47108000.0,4367800.0,9780400.0,61256200.0,Con corrección,2024-11-28
IMP-2026-00196,IM-158104,Persona natural,Atlántico,Barranquilla,6109.10.00,Camisetas de punto de algodón,México,2025,8858000.0,400000.0,166000.0,9424000.0,512300.0,1887900.0,11824200.0,Con corrección,2025-09-28
IMP-2026-00266,IM-986392,Persona jurídica,Santander,Bucaramanga,9403.60.00,Muebles de madera,Corea del Sur,2024,55642000.0,2476000.0,589000.0,58707000.0,2287400.0,11588900.0,72583300.0,Presentada,2024-02-16
IMP-2026-00467,IM-176115,Persona jurídica,Santander,Bucaramanga,9403.60.00,Muebles de madera,Estados Unidos,2024,66559000.0,3161000.0,815000.0,70535000.0,1412300.0,13670000.0,85617300.0,Con corrección,2024-12-28
IMP-2026-00105,IM-753534,Persona jurídica,Santander,Bucaramanga,8471.30.00,Máquinas automáticas para procesamiento de datos,ESTADOS UNIDOS,2025,24865000.0,624000.0,492000.0,25981000.0,1458600.0,5213500.0,32653100.0,Con corrección,2025-05-11
IMP-2026-00154,IM-159653,Persona jurídica,Atlántico,Barranquilla,8703.23.00,Vehículos automóviles con motor de émbolo,Alemania,2025,268783000.0,9201000.0,1754000.0,279738000.0,6414100.0,54368900.0,340521000.0,Presentada,2025-08-02
IMP-2026-00283,IM-309505,Persona natural,Cundinamarca,Chía,3004.90.00,Medicamentos para uso humano,China,2025,22773000.0,1492000.0,122000.0,24387000.0,80900.0,4648900.0,29116800.0,Extemporánea,2025-02-19
IMP-2026-00392,IM-492073,Persona natural,Cundinamarca,Soacha,3004.90.00,Medicamentos para uso humano,México,2025,10520000.0,403000.0,115000.0,11038000.0,740400.0,2237900.0,14016300.0,Presentada,2025-09-28
IMP-2026-00227,IM-619447,Persona natural,Bogotá D.C.,Bogotá,6109.10.00,Camisetas de punto de algodón,Alemania,2024,15820000.0,999000.0,150000.0,16969000.0,1441700.0,3498000.0,21908700.0,Presentada,2024-07-26
IMP-2026-00368,IM-209167,Persona jurídica,Bogotá D.C.,Bogotá,8517.12.00,Teléfonos móviles,México,2024,229079000.0,7837000.0,3827000.0,240743000.0,9923600.0,47626700.0,298293300.0,Con corrección,2024-11-19
IMP-2026-00026,IM-324130,Persona jurídica,Valle del Cauca,Cali,6109.10.00,Camisetas de punto de algodón,China,2025,5457000.0,357000.0,46000.0,5860000.0,67700.0,1126300.0,7054000.0,En revisión,2025-08-16
IMP-2026-00197,IM-397846,Persona natural,Bogotá D.C.,Bogotá,8703.23.00,Vehículos automóviles con motor de émbolo,ALEMANIA,2024,253014000.0,5259000.0,3783000.0,262056000.0,6998300.0,51120300.0,320174600.0,En revisión,2024-06-17
IMP-2026-00065,IM-587623,Persona jurídica,Bogotá D.C.,Bogotá,9403.60.00,Muebles de madera,Corea del Sur,2024,117630000.0,4890000.0,1106000.0,123626000.0,15008700.0,26340600.0,164975300.0,En revisión,2024-10-07
IMP-2026-00016,IM-612340,Persona natural,Bogotá D.C.,Bogotá,6109.10.00,Camisetas de punto de algodón,Estados Unidos,2024,114619000.0,7809000.0,701000.0,123129000.0,18227200.0,26857700.0,168213900.0,Con corrección,2024-10-11
IMP-2026-00298,IM-350161,Persona jurídica,Atlántico,Barranquilla,9403.60.00,Muebles de madera,Estados Unidos,2024,9523000.0,646000.0,92000.0,10261000.0,700700.0,2082700.0,13044400.0,En revisión,2024-06-04
IMP-2026-00372,IM-177289,Persona natural,Valle del Cauca,Buenaventura,8517.12.00,Teléfonos móviles,Alemania,2024,60237000.0,3525000.0,850000.0,64612000.0,5298500.0,13283000.0,83193500.0,Presentada,2024-03-15
IMP-2026-00110,IM-581894,Persona jurídica,Atlántico,Barranquilla,6109.10.00,Camisetas de punto de algodón,China,2025,29839000.0,1759000.0,483000.0,32081000.0,2807300.0,6628800.0,41517100.0,Extemporánea,2025-11-09
IMP-2026-00337,IM-181670,Persona jurídica,Bogotá D.C.,Bogotá,9403.60.00,Muebles de madera,Estados Unidos,2025,99566000.0,4708000.0,1268000.0,105542000.0,7739100.0,21523400.0,134804500.0,Presentada,2025-05-27
IMP-2026-00309,IM-239136,Persona natural,VALLE DEL CAUCA,Buenaventura,9403.60.00,Muebles de madera,México,2024,97483000.0,3935000.0,1679000.0,103097000.0,1238900.0,19823800.0,124159700.0,Con corrección,2024-12-28
IMP-2026-00027,IM-543555,Persona jurídica,Cundinamarca,Soacha,3004.90.00,Medicamentos para uso humano,México,2025,17743000.0,1345000.0,,19392000.0,1842400.0,4034500.0,25268900.0,En revisión,2025-08-10
IMP-2026-00077,IM-878967,Persona natural,Bogotá D.C., bogotá ,9403.60.00,Muebles de madera,Brasil,2024,11991000.0,352000.0,105000.0,12448000.0,1025500.0,2560000.0,16033500.0,En revisión,2024-06-04
IMP-2026-00044,IM-428914,Persona jurídica,Valle del Cauca,Yumbo,3004.90.00,Medicamentos para uso humano,Estados Unidos,2025,63949000.0,1807000.0,647000.0,66403000.0,1130200.0,12831300.0,80364500.0,Extemporánea,2025-12-26
IMP-2026-00281,IM-732512,Persona natural,Antioquia,Envigado,9403.60.00,Muebles de madera,España,2024,25484000.0,970000.0,398000.0,26852000.0,271300.0,5153400.0,32276700.0,Con corrección,2024-05-11
IMP-2026-00004,IM-498382,Persona natural,Antioquia,Medellín,6109.10.00,Camisetas de punto de algodón,Corea del Sur,2025,85792000.0,2809000.0,663000.0,89264000.0,2455700.0,17426700.0,109146400.0,Con corrección,2025-02-03
IMP-2026-00466,IM-117711,Persona jurídica,Cundinamarca,Chía,,Muebles de madera,Estados Unidos,2025,6794000.0,311000.0,123000.0,7228000.0,912800.0,1546800.0,9687600.0,Presentada,2025-07-11
IMP-2026-00050,IM-335552,Persona natural,Atlántico,Soledad,8471.30.00,Máquinas automáticas para procesamiento de datos,México,2024,50237000.0,1032000.0,328000.0,51597000.0,5135200.0,10779100.0,67511300.0,Presentada,2024-11-10
IMP-2026-00406,IM-686187,Persona natural,Valle del Cauca,,6109.10.00,Camisetas de punto de algodón,Corea del Sur,2025,176835000.0,10911000.0,3493000.0,191239000.0,6861100.0,37639000.0,235739100.0,Presentada,2025-12-26
IMP-2026-00388,IM-596025,Persona natural,Cundinamarca,Chía,3004.90.00,Medicamentos para uso humano,México,2025,29023000.0,2047000.0,372000.0,31442000.0,2941000.0,6532800.0,40915800.0,Con corrección,2025-10-20
IMP-2026-00494,IM-744610,Persona natural,Bogotá D.C.,Bogotá,6109.10.00,Camisetas de punto de algodón,Estados Unidos,2024,9452000.0,549000.0,160000.0,10161000.0,603500.0,2045300.0,12809800.0,Presentada,2024-03-16
IMP-2026-00031,IM-804318,Persona jurídica,Santander,Floridablanca,6109.10.00,Camisetas de punto de algodón,España,2025,53550000.0,1093000.0,678000.0,55321000.0,3463700.0,11169100.0,69953800.0,Con corrección,2025-07-05
IMP-2026-00122,IM-203831,Persona jurídica,Santander,Floridablanca,8517.12.00,Teléfonos móviles,Japón,2024,248626000.0,5366000.0,2647000.0,256639000.0,31202900.0,54690000.0,342531900.0,Con corrección,2024-07-21
IMP-2026-00432,IM-810859,Persona natural,Valle del Cauca,Buenaventura,9403.60.00,Muebles de madera,Corea del Sur,2025,100719000.0,6535000.0,1730000.0,108984000.0,10731800.0,22746000.0,142461800.0,Presentada,2025-01-23
IMP-2026-00116,IM-385765,Persona natural,Bogotá D.C.,Bogotá,6109.10.00,Camisetas de punto de algodón,Alemania,2025,18488000.0,681000.0,356000.0,19525000.0,2607400.0,4205200.0,26337600.0,Extemporánea,2025-09-17
IMP-2026-00476,IM-875753,Persona jurídica,Bogotá D.C.,Bogotá,8703.23.00,Vehículos automóviles con motor de émbolo,ALEMANIA,2024,96403000.0,5768000.0,1875000.0,104046000.0,8742500.0,21429800.0,134218300.0,Con corrección,2024-04-23
IMP-2026-00217,IM-741181,Persona jurídica,Cundinamarca,Mosquera,6109.10.00,Camisetas de punto de algodón,China,2025,38354000.0,2826000.0,652000.0,41832000.0,2668100.0,8455000.0,52955100.0,En revisión,2025-09-25
IMP-2026-00265,IM-497687,Persona jurídica,Santander,Bucaramanga,9403.60.00,Muebles de madera,España,2024,53003000.0,3144000.0,703000.0,56850000.0,741800.0,10942400.0,68534200.0,Presentada,2024-02-13
IMP-2026-00210,IM-513037,Persona jurídica,Atlántico,Soledad,8517.12.00,Teléfonos móviles,COREA DEL SUR,2024,27376000.0,1200000.0,411000.0,28987000.0,891300.0,5676900.0,35555200.0,Con corrección,2024-03-04
IMP-2026-00317,IM-195629,Persona natural,Santander,Floridablanca,9403.60.00,Muebles de madera,China,2024,30788000.0,2220000.0,490000.0,33498000.0,3731900.0,7073700.0,44303600.0,En revisión,2024-07-21
IMP-2026-00385,IM-946561,Persona natural,Santander,Bucaramanga,8517.12.00,Teléfonos móviles,Estados Unidos,2025,35633000.0,2329000.0,364000.0,38326000.0,3822500.0,8008200.0,50156700.0,Extemporánea,2025-06-24
IMP-2026-00002,IM-731262,Persona natural,Valle del Cauca,Cali,8471.30.00,Máquinas automáticas para procesamiento de datos,Brasil,2024,34682000.0,1018000.0,204000.0,35904000.0,4664900.0,7708100.0,48277000.0,Extemporánea,2024-04-17
IMP-2026-00314,IM-756596,Persona jurídica,Atlántico,Soledad,8703.23.00,Vehículos automóviles con motor de émbolo,China,2024,60865000.0,4101000.0,906000.0,65872000.0,4922600.0,13451000.0,84245600.0,Presentada,2024-01-04
IMP-2026-00023,IM-777568,Persona natural,Cundinamarca,Chía,3004.90.00,Medicamentos para uso humano,China,2024,38423000.0,1974000.0,439000.0,40836000.0,155700.0,7788400.0,48780100.0,Extemporánea,2024-11-21
IMP-2026-00318,IM-566686,Persona natural,CUNDINAMARCA,Soacha,6109.10.00,Camisetas de punto de algodón,China,2024,7508000.0,342000.0,76000.0,7926000.0,441100.0,1589700.0,9956800.0,Con corrección,2024-09-22
IMP-2026-00320,IM-911032,Persona natural,Valle del Cauca,Buenaventura,8703.23.00,Vehículos automóviles con motor de émbolo,México,2025,113476000.0,8216000.0,2101000.0,123793000.0,7830900.0,25008500.0,156632400.0,Presentada,2025-03-13
IMP-2026-00008,IM-279451,Persona natural,Bogotá D.C.,Bogotá,9403.60.00,Muebles de madera,México,2024,31776000.0,724000.0,448000.0,32948000.0,842800.0,6420300.0,40211100.0,Extemporánea,2024-10-21
IMP-2026-00014,IM-216970,PERSONA JURÍDICA,Santander,Bucaramanga,9403.60.00,Muebles de madera,Japón,2025,47269000.0,1868000.0,512000.0,49649000.0,2020800.0,9817300.0,61487100.0,En revisión,2025-11-11
IMP-2026-00142,IM-534303,Persona jurídica,Cundinamarca,Mosquera,3004.90.00,Medicamentos para uso humano,Brasil,2025,41254000.0,1027000.0,747000.0,43028000.0,5943500.0,9304600.0,58276100.0,Presentada,2025-10-15
IMP-2026-00087,IM-249145,Persona natural,Atlántico,Barranquilla,9403.60.00,Muebles de madera,China,2024,194514000.0,9238000.0,2565000.0,206317000.0,29136000.0,44736100.0,280189100.0,En revisión,2024-05-27
IMP-2026-00353,IM-144770,Persona jurídica,Bogotá D.C.,Bogotá,6109.10.00,Camisetas de punto de algodón,China,2024,205718000.0,11761000.0,2459000.0,219938000.0,12529400.0,44168800.0,276636200.0,En revisión,2024-06-04
IMP-2026-00242,IM-975373,Persona natural,Bogotá D.C.,Bogotá,8517.12.00,Teléfonos móviles,China,2024,78727000.0,5490000.0,437000.0,84654000.0,7571500.0,17522800.0,109748300.0,Con corrección,2024-12-08
IMP-2026-00472,IM-938504,Persona natural,Bogotá D.C.,Bogotá,6109.10.00,Camisetas de punto de algodón,España,2024,32486000.0,1136000.0,295000.0,33917000.0,3863500.0,7178300.0,44958800.0,Presentada,2024-03-22
IMP-2026-00216,IM-562462,Persona jurídica,Valle del Cauca,Yumbo,9403.60.00,Muebles de madera,Japón,2024,230277000.0,17710000.0,3789000.0,251776000.0,5291600.0,48842800.0,305910400.0,En revisión,2024-04-01
IMP-2026-00069,IM-582071,Persona natural,Cundinamarca,Soacha,3004.90.00,Medicamentos para uso humano,Japón,2025,18387000.0,1006000.0,,19495000.0,1361500.0,3962700.0,24819200.0,En revisión,2025-11-27
IMP-2026-00051,IM-760356,Persona natural,Valle del Cauca,Cali,3004.90.00,Medicamentos para uso humano,Japón,2024,257305000.0,15211000.0,2152000.0,274668000.0,29341900.0,57761900.0,361771800.0,Extemporánea,2024-08-14
IMP-2026-00399,IM-773962,Persona jurídica,Bogotá D.C.,Bogotá,8517.12.00,Teléfonos móviles,Japón,2025,38840000.0,2190000.0,640000.0,41670000.0,1092800.0,8124900.0,50887700.0,Extemporánea,2025-12-23
IMP-2026-00414,IM-360909,Persona natural,Atlántico,Barranquilla,8471.30.00,Máquinas automáticas para procesamiento de datos,Corea del Sur,2024,58927000.0,2031000.0,1157000.0,62115000.0,7468100.0,13220800.0,82803900.0,Con corrección,2024-11-24
IMP-2026-00157,IM-648141,Persona natural,Valle del Cauca,Cali,9403.60.00,Muebles de madera,Corea del Sur,2025,52193000.0,1395000.0,572000.0,54160000.0,7876000.0,11786800.0,73822800.0,Con corrección,2025-08-17
IMP-2026-00253,IM-116078,Persona natural,Atlántico, barranquilla ,3004.90.00,Medicamentos para uso humano,Brasil,2024,38467000.0,1656000.0,584000.0,40707000.0,1332700.0,7987500.0,50027200.0,Presentada,2024-06-10
IMP-2026-00396,IM-978343,Persona jurídica,Bogotá D.C.,Bogotá,8517.12.00,Teléfonos móviles,Estados Unidos,2025,36075000.0,2466000.0,608000.0,39149000.0,1789200.0,7778300.0,48716500.0,Con corrección,2025-06-06
IMP-2026-00469,IM-509985,Persona jurídica,Cundinamarca,Soacha,8517.12.00,Teléfonos móviles,México,2024,209715000.0,-13827000.0,1548000.0,225090000.0,20603300.0,46681700.0,292375000.0,Con corrección,2024-03-24
IMP-2026-00403,IM-813824,Persona natural,Atlántico,Barranquilla,8471.30.00,Máquinas automáticas para procesamiento de datos,China,2025,42477000.0,1970000.0,280000.0,44727000.0,4299300.0,9315000.0,58341300.0,Extemporánea,2025-11-11
IMP-2026-00358,IM-288550,Persona natural,Antioquia,Itagüí,8517.12.00,Teléfonos móviles,Corea del Sur,2025,52756000.0,4013000.0,542000.0,57311000.0,871900.0,11054800.0,69237700.0,En revisión,2025-07-09
IMP-2026-00255,IM-477114,Persona jurídica,Cundinamarca,Mosquera,9403.60.00,Muebles de madera,España,2025,106571000.0,8172000.0,1280000.0,116023000.0,10675500.0,24072700.0,150771200.0,Presentada,2025-05-09
IMP-2026-00277,IM-354533,Persona natural,Antioquia,Envigado,3004.90.00,Medicamentos para uso humano,Japón,2024,48211000.0,2792000.0,429000.0,51432000.0,4891200.0,10701400.0,67024600.0,En revisión,2024-12-18
IMP-2026-00179,IM-311383,Persona natural,Bogotá D.C.,Bogotá,9403.60.00,Muebles de madera,Brasil,2025,91362000.0,2011000.0,1238000.0,94611000.0,10820500.0,20032000.0,125463500.0,Presentada,2025-01-10
IMP-2026-00282,IM-763646,Persona jurídica,Bogotá D.C.,Bogotá,,Vehículos automóviles con motor de émbolo,Brasil,2025,48355000.0,2656000.0,493000.0,51504000.0,4796900.0,10697200.0,66998100.0,Con corrección,2025-12-23
IMP-2026-00391,IM-864201,Persona jurídica,Bogotá D.C.,Bogotá,9403.60.00,Muebles de madera,Estados Unidos,2025,18147000.0,458000.0,346000.0,18951000.0,1574300.0,3899800.0,24425100.0,En revisión,2025-06-09
IMP-2026-00238,IM-160541,Persona jurídica,Valle del Cauca,Buenaventura,6109.10.00,Camisetas de punto de algodón,Alemania,2025,63034000.0,4996000.0,1208000.0,69238000.0,409500.0,13233000.0,82880500.0,Presentada,2025-08-19
IMP-2026-00072,IM-936587,Persona jurídica,Cundinamarca,Chía,6109.10.00,Camisetas de punto de algodón,Corea del Sur,2025,118326000.0,3899000.0,1697000.0,123922000.0,1586500.0,23846600.0,149355100.0,Con corrección,2025-04-12
IMP-2026-00461,IM-962043,Persona jurídica,Antioquia,Itagüí,9403.60.00,Muebles de madera,España,2025,14301000.0,832000.0,240000.0,15373000.0,272900.0,2972700.0,18618600.0,Extemporánea,2025-01-17
IMP-2026-00130,IM-819425,Persona natural,Santander,Bucaramanga,8471.30.00,Máquinas automáticas para procesamiento de datos,España,2025,44709000.0,2399000.0,811000.0,47919000.0,2900200.0,9655600.0,60474800.0,Extemporánea,2025-07-14
IMP-2026-00145,IM-551574,Persona natural,Antioquia,Envigado,8471.30.00,Máquinas automáticas para procesamiento de datos,México,2024,8752000.0,418000.0,142000.0,9312000.0,51200.0,1779000.0,11142200.0,Extemporánea,2024-08-24
IMP-2026-00449,IM-155642,Persona natural,Valle del Cauca,Yumbo,8471.30.00,Máquinas automáticas para procesamiento de datos,Brasil,2024,35288000.0,1398000.0,255000.0,36941000.0,1693400.0,7340500.0,45974900.0,Con corrección,2024-07-05
IMP-2026-00336,IM-942127,Persona jurídica,Antioquia,Envigado,6109.10.00,Camisetas de punto de algodón,Brasil,2024,36737000.0,1062000.0,727000.0,38526000.0,5577300.0,8379600.0,52482900.0,Con corrección,2024-01-18
IMP-2026-00134,IM-597305,Persona natural,Antioquia,Itagüí,8703.23.00,Vehículos automóviles con motor de émbolo,Estados Unidos,2025,5182000.0,347000.0,57000.0,5586000.0,521200.0,1160400.0,7267600.0,Presentada,2025-03-22
IMP-2026-00204,IM-745270,Persona jurídica,Bogotá D.C.,Bogotá,8471.30.00,Máquinas automáticas para procesamiento de datos,Brasil,2024,5008000.0,384000.0,53000.0,5445000.0,221100.0,1076600.0,6742700.0,En revisión,2024-05-13
IMP-2026-00394,IM-477880,Persona natural,Bogotá D.C.,Bogotá,6109.10.00,Camisetas de punto de algodón,Alemania,2024,481781000.0,34248000.0,3916000.0,519945000.0,72578700.0,112579500.0,705103200.0,Con corrección,2024-08-02
IMP-2026-00256,IM-534037,Persona natural,Santander,Floridablanca,8703.23.00,Vehículos automóviles con motor de émbolo,Brasil,2024,32153000.0,965000.0,639000.0,33757000.0,1173100.0,6636700.0,41566800.0,En revisión,2024-06-11
IMP-2026-00073,IM-189771,Persona natural,Atlántico,Soledad,8517.12.00,Teléfonos móviles,Japón,2024,41682000.0,2186000.0,607000.0,44475000.0,4843900.0,9370600.0,58689500.0,Extemporánea,2024-09-07
IMP-2026-00397,IM-324729,Persona natural,Valle del Cauca,Buenaventura,8471.30.00,Máquinas automáticas para procesamiento de datos,Brasil,2024,33433000.0,1017000.0,516000.0,34966000.0,1815300.0,6988400.0,43769700.0,En revisión,2024-10-25
IMP-2026-00236,IM-217659,Persona natural,Atlántico,Soledad,8517.12.00,Teléfonos móviles,Brasil,2025,74081000.0,4736000.0,1267000.0,80084000.0,7913700.0,16719600.0,104717300.0,En revisión,2025-02-19
IMP-2026-00038,IM-143860,Persona jurídica,Antioquia,Itagüí,8517.12.00,Teléfonos móviles,Corea del Sur,2024,53841000.0,1859000.0,812000.0,56512000.0,6456100.0,11963900.0,74932000.0,Presentada,2024-07-05
